0,1
tt0271337,14%
tt0271444,14%
tt0274166,14%
tt0274523,14%
tt0278422,14%
tt0275692,52%
tt0277171,40%
tt0282667,53%
tt0283426,18%
tt0282141,18%
tt0282718,18%
tt0282543,35%
tt0284163,35%
tt0281707,35%
tt0284674,54%
tt0285209,54%
tt0285327,54%
tt0285156,53%
tt0286788,36%
tt0287086,36%
tt0286244,94%
tt0286947,20%
tt0288244,20%
tt0288045,17%
tt0289889,57%
tt0291001,57%
tt0292527,40%
tt0290831,40%
tt0291542,40%
tt0291993,40%
tt0293452,40%
tt0294412,20%
tt0293672,43%
tt0295159,43%
tt0295182,43%
tt0295711,74%
tt0295289,74%
tt0295721,51%
tt0298482,40%
tt0296037,31%
tt0296245,31%
tt0295718,58%
tt0298737, 6%
tt0299045, 6%
tt0298089,",1%"
tt0297871,",1%"
tt0299859,",1%"
tt0299930, 6%
tt0300069,40%
tt0300634,40%
tt0300471,66%
tt0301357,91%
tt0301417,62%
tt0301181,43%
tt0300968, 0%
tt0302361,67%
tt0302297,67%
tt0302886,60%
tt0303146,60%
tt0304906,60%
tt0303251,79%
tt0304912,91%
tt0304056,91%
tt0305206,94%
tt0305178,91%
tt0305574, 0%
tt0305224,42%
tt0303898,42%
tt0305357,41%
tt0305583,46%
tt0305568,14%
tt0306047,35%
tt0304638,79%
tt0306040,79%
tt0304601,79%
tt0305565,79%
tt0305556,72%
tt0305711,20%
tt0305669,34%
tt0306174,40%
tt0305999,56%
tt0306110,56%
tt0306629,56%
tt0306734,36%
tt0306228,69%
tt0306841,40%
tt0307377,40%
tt0308443,40%
tt0311141,85%
tt0308878,64%
tt0307919,60%
tt0311110,29%
tt0311289,29%
tt0309817,17%
tt0307987,78%
tt0309916,33%
tt0309530,60%
tt0310778,77%
tt0310924,33%
tt0310741,75%
tt0309372,67%
tt0310230,67%
tt0311648,84%
tt0311863,23%
tt0310203,80%
tt0310281,87%
tt0312409,77%
tt0314786,97%
tt0314502,65%
tt0313911,65%
tt0312528,10%
tt0314080,10%
tt0314416,40%
tt0314390,38%
tt0314121,46%
tt0314431,25%
tt0315426,57%
tt0314331,57%
tt0313792,40%
tt0314180,60%
tt0314170,60%
tt0316219,50%
tt0314734,45%
tt0314676,39%
tt0315327,48%
tt0316489,63%
tt0316788,29%
tt0316494,49%
tt0318003,49%
tt0318283,11%
tt0318040,16%
tt0318705,16%
tt0317640,50%
tt0319237,71%
tt0317950, 0%
tt0318155,57%
tt0317303,27%
tt0319343,86%
tt0318725,91%
tt0318179,14%
tt0319524,27%
tt0319829,25%
tt0320668,65%
tt0319767,43%
tt0319821,43%
tt0319917,43%
tt0320570,82%
tt0321442,67%
tt0321440,37%
tt0320642,30%
tt0321640,30%
tt0322023,65%
tt0320159,26%
tt0322330,26%
tt0322621,26%
tt0320422,26%
tt0321367,26%
tt0322545,26%
tt0322807,26%
tt0322987,26%
tt0323155,33%
tt0324015,33%
tt0323443,66%
tt0323872,91%
tt0323572,14%
tt0323633,00%
tt0323642,70%
tt0325030,46%
tt0324619,53%
tt0323807,53%
tt0323998,87%
tt0326357,87%
tt0325056,26%
tt0325123,66%
tt0325258,22%
tt0325007,20%
tt0325234,78%
tt0325734,68%
tt0325352,50%
tt0327210,21%
tt0326900,44%
tt0325537,30%
tt0325805,83%
tt0326805,83%
tt0325958,17%
tt0327137,60%
tt0327259,40%
tt0327482,30%
tt0328500,30%
tt0327850,22%
tt0328099,31%
tt0328589,62%
tt0327665,62%
tt0327754, 0%
tt0329028,10%
tt0328820,10%
tt0328890,95%
tt0328401,95%
tt0329706,68%
tt0329717,30%
tt0330622,72%
tt0328955,41%
tt0331175,82%
tt0330989,40%
tt0328828,53%
tt0331072,16%
tt0330602,32%
tt0328880,37%
tt0330069,92%
tt0330383,92%
tt0330252,92%
tt0331042,45%
tt0331559,45%
tt0329268,40%
tt0330889,40%
tt0330862,80%
tt0329388,85%
tt0330860,40%
tt0330896,50%
tt0330486,50%
tt0332281,34%
tt0331811,92%
tt0332658,74%
tt0332379,92%
tt0332220,28%
tt0333701,28%
tt0333780,36%
tt0336217,36%
tt0334725,65%
tt0335266,95%
tt0335446,95%
tt0336432,38%
tt0337163,38%
tt0337960,68%
tt0337923,45%
tt0338092,45%
tt0337619,45%
tt0337733,45%
tt0337614,00%
tt0337909,74%
tt0338075,46%
tt0337640,44%
tt0337996,43%
tt0337930,46%
tt0337945,46%
tt0337741,72%
tt0339323,72%
tt0337326,72%
tt0338135,81%
tt0339553,62%
tt0338738,62%
tt0338977,78%
tt0339071,59%
tt0338177,36%
tt0337857,86%
tt0337879,41%
tt0340109,38%
tt0339300,71%
tt0340121,27%
tt0337728,38%
tt0337674,40%
tt0337631,48%
tt0337592,13%
tt0337711,40%
tt0338475,40%
tt0337953,42%
tt0338466,61%
tt0340149,50%
tt0339028,19%
tt0340181,38%
tt0340242,38%
tt0339747,38%
tt0339988,50%
tt0339015,50%
tt0339504,50%
tt0339535,88%
tt0339572,88%
tt0338300,88%
tt0338094,13%
tt0339921,50%
tt0338280,84%
tt0338495,84%
tt0338552,36%
tt0338801,92%
tt0338070,92%
tt0339230,80%
tt0339840,33%
tt0338166,33%
tt0339111,60%
tt0338440,57%
tt0338077, 8%
tt0339638,82%
tt0338326,82%
tt0339607,29%
tt0339279,29%
tt0338807,29%
tt0339093,29%
tt0338604,81%
tt0338459,45%
tt0338828,58%
tt0339002,58%
tt0338754,58%
tt0339034, 8%
tt0340110,62%
tt0342300,50%
tt0340377,94%
tt0339806,70%
tt0342316,57%
tt0339534,71%
tt0339525,52%
tt0342299,52%
tt0342492,63%
tt0342515,74%
tt0342771,49%
tt0340320,49%
tt0342520,62%
tt0342609,62%
tt0341372,00%
tt0340737,80%
tt0341326,84%
tt0341598,84%
tt0341540,64%
tt0341376,83%
tt0341216,83%
tt0342776,83%
tt0343524,63%
tt0108549,63%
tt0122247,63%
tt0167456,19%
tt0169084,19%
tt0177882,73%
tt0187279,73%
tt0186785,88%
tt0220322,88%
tt0224025,13%
tt0223828,25%
tt0226057,25%
tt0252028, 8%
tt0254784, 8%
tt0256033,91%
tt0265208,91%
tt0270846, 0%
tt0287323, 0%
tt0288309, 0%
tt0287670,33%
tt0290002,39%
tt0290808,39%
tt0290705,89%
tt0291943,89%
tt0295181,89%
tt0298148,89%
tt0297741,96%
tt0299014,42%
tt0299172,52%
tt0300176,11%
tt0300051,43%
tt0301771,10%
tt0301563,66%
tt0301358,18%
tt0304377,41%
tt0304722,34%
tt0307151,71%
tt0306892,48%
tt0306846,50%
tt0307453,35%
tt0307879,50%
tt0308281,27%
tt0308905,40%
tt0307922,40%
tt0309275,60%
tt0311041,60%
tt0311056,19%
tt0313245,45%
tt0314498,45%
tt0312697,45%
tt0313553,45%
tt0316187,52%
tt0315206,32%
tt0315824,15%
tt0316763,57%
tt0317198,27%
tt0317913,18%
tt0316732, 9%
tt0322830, 9%
tt0322005,27%
tt0322781,47%
tt0323033,18%
tt0322420,60%
tt0323581,41%
tt0324557,41%
tt0325957,57%
tt0325675,92%
tt0326292,13%
tt0327247, 4%
tt0326856, 8%
tt0327437,32%
tt0327162,26%
tt0327717,00%
tt0327679,51%
tt0329099,57%
tt0328390,44%
tt0328990,50%
tt0330080,61%
tt0330111, 0%
tt0328875,43%
tt0329703,43%
tt0332136,85%
tt0331370,00%
tt0332375,61%
tt0331953,30%
tt0331509,48%
tt0331632,22%
tt0332712, 6%
tt0333766,86%
tt0335245,54%
tt0335559,55%
tt0335438,63%
tt0337204,94%
tt0337563,64%
tt0337675,94%
tt0337579,94%
tt0337639,17%
tt0338022,38%
tt0338853,38%
tt0340012,77%
tt0337697,29%
tt0339397,29%
tt0338812,14%
tt0337917,13%
tt0338959,13%
tt0339507,13%
tt0338926,13%
tt0339072,24%
tt0339291,72%
tt0338348,56%
tt0339326,58%
tt0339412,55%
tt0340147,59%
tt0342505,59%
tt0342636,59%
tt0340378,59%
tt0342151,00%
tt0343135,27%
tt0341578,33%
tt0343660,45%
tt0344273,87%
tt0344337,94%
tt0345074,44%
tt0347108,10%
tt0345137,80%
tt0346054,80%
tt0346525,80%
tt0347138,80%
tt0345950,68%
tt0347368,13%
tt0349047,62%
tt0348593,68%
tt0348155,71%
tt0347449,81%
tt0347369,23%
tt0346562,16%
tt0347473,81%
tt0348663,81%
tt0350028,25%
tt0350194,76%
tt0349169,31%
tt0349416,35%
tt0350041,35%
tt0349703,83%
tt0350774,53%
tt0352520,69%
tt0352203,69%
tt0352951,69%
tt0352940,75%
tt0354864,75%
tt0354860,75%
tt0352864,53%
tt0353545,31%
tt0354836,54%
tt0355995,54%
tt0354965,54%
tt0356509,54%
tt0355836,70%
tt0356150,47%
tt0357054,47%
tt0356485,83%
tt0357111,58%
tt0356721,64%
tt0358148,51%
tt0357413,66%
tt0356317,70%
tt0356515,75%
tt0358135,47%
tt0356634,14%
tt0356470,11%
tt0358349,13%
tt0359045,74%
tt0358925,71%
tt0360032,80%
tt0360521,80%
tt0360139,18%
tt0359254,59%
tt0359517, 6%
tt0359518, 6%
tt0359144, 6%
tt0359078,40%
tt0360025,13%
tt0360201,13%
tt0362084,42%
tt0361925,13%
tt0361430,13%
tt0361447,13%
tt0361805,39%
tt0362227,39%
tt0361411,64%
tt0361620,64%
tt0361899,64%
tt0362590,11%
tt0361467,14%
tt0363282,11%
tt0362526,69%
tt0361841,69%
tt0362004,43%
tt0362270,57%
tt0362804,53%
tt0362915,80%
tt0362129,41%
tt0363199,92%
tt0364053,92%
tt0363623,38%
tt0363913,71%
tt0364086,84%
tt0363689,32%
tt0364358,32%
tt0364604,49%
tt0365125,49%
tt0364725,71%
tt0364109,10%
tt0366367,98%
tt0364914,20%
tt0364751,14%
tt0364079,43%
tt0365653,29%
tt0365296,74%
tt0367479,18%
tt0365748,18%
tt0365089,46%
tt0365770,28%
tt0365480,26%
tt0366762,20%
tt0367085,18%
tt0366555,34%
tt0366551,34%
tt0366777,88%
tt0367097,45%
tt0367631,42%
tt0366137,83%
tt0366416,87%
tt0366151,63%
tt0368305,63%
tt0368249,24%
tt0366701,48%
tt0368259, 0%
tt0366747, 8%
tt0366962, 8%
tt0367232,52%
tt0367659,52%
tt0368566,52%
tt0368555,60%
tt0368834,55%
tt0369359,37%
tt0368769,37%
tt0368975,15%
tt0368933,26%
tt0368668,13%
tt0371753,80%
tt0371246,54%
tt0371599,54%
tt0370919,54%
tt0371878,51%
tt0371092,80%
tt0373074,91%
tt0372472,91%
tt0372588,77%
tt0372884,19%
tt0371683,19%
tt0372334,10%
tt0372824,68%
tt0372359,68%
tt0373152,56%
tt0373024,35%
tt0373356,84%
tt0373173,84%
tt0373765,80%
tt0373409,80%
tt0374021, 0%
tt0374062,00%
tt0373906,00%
tt0374018,79%
tt0374086,40%
tt0374128,40%
tt0374358,64%
tt0374277,37%
tt0375040, 0%
tt0374583,88%
tt0376873,36%
tt0374627,36%
tt0376003,36%
tt0374639,63%
tt0376006,39%
tt0375911,39%
tt0375063,97%
tt0376874,42%
tt0375145,25%
tt0374900,72%
tt0376890,48%
tt0375976,48%
tt0376089,76%
tt0375173,48%
tt0378259,48%
tt0376177,48%
tt0377057,37%
tt0377071,49%
tt0377051,47%
tt0377038,73%
tt0377087,73%
tt0376720,32%
tt0378072,86%
tt0377744,27%
tt0377088,61%
tt0378898,84%
tt0378417,40%
tt0379184,53%
tt0379306,38%
tt0381487,16%
tt0380281,16%
tt0381066,22%
tt0380344,40%
tt0380609,55%
tt0381270,59%
tt0381707,15%
tt0379918,56%
tt0378451,56%
tt0379071,56%
tt0378947,51%
tt0379487,70%
tt0381104,43%
tt0378453,71%
tt0380349,47%
tt0379265,61%
tt0379900,21%
tt0380277, 5%
tt0380687,83%
tt0379266,33%
tt0380420,32%
tt0381008,90%
tt0381437,00%
tt0381077,18%
tt0380538,53%
tt0381466,50%
tt0381442,63%
tt0382028,16%
tt0381720,30%
tt0382067,50%
tt0382295,47%
tt0382561,17%
tt0382330,83%
tt0383184,36%
tt0382854,36%
tt0382966,33%
tt0383020,80%
tt0382644,39%
tt0382574,39%
tt0383531,39%
tt0383025,75%
tt0385074,75%
tt0385592,53%
tt0383966,53%
tt0384116,78%
tt0384257,78%
tt0384488,65%
tt0385267,82%
tt0385677,47%
tt0383388,47%
tt0383717,71%
tt0384576,67%
tt0385534,80%
tt0384504,88%
tt0384037,67%
tt0088751,22%
tt0146272,67%
tt0159790,17%
tt0179803, 0%
tt0216584,43%
tt0216746,25%
tt0222167,28%
tt0226851,35%
tt0228906,35%
tt0238992,35%
tt0244306,35%
tt0242882,35%
tt0243246,86%
tt0244944,50%
tt0251744,75%
tt0257516,15%
tt0258901,40%
tt0263235,40%
tt0264323,48%
tt0265655,48%
tt0267891,40%
tt0285682,35%
tt0289275,67%
tt0293008,67%
tt0299215,14%
tt0298903,67%
tt0300922, 9%
tt0304356,39%
tt0305858,39%
tt0308028,97%
tt0308064,70%
tt0309578,28%
tt0312004,28%
tt0311966,28%
tt0315323,67%
tt0317132,55%
tt0318649,38%
tt0318761,71%
tt0322999,71%
tt0325651,38%
tt0325191,38%
tt0327498,38%
tt0327643, 6%
tt0328121,39%
tt0329650,39%
tt0331933, 9%
tt0332047,43%
tt0336766,43%
tt0337584, 8%
tt0338294,43%
tt0337887,27%
tt0339334,60%
tt0339642, 7%
tt0342272,37%
tt0342640,43%
tt0340321,43%
tt0343603,00%
tt0345370,00%
tt0349349,56%
tt0351283,56%
tt0350128,27%
tt0355295,38%
tt0353324, 0%
tt0355563,47%
tt0356680,52%
tt0356910,60%
tt0361089,32%
tt0359389,32%
tt0360016,40%
tt0361693,55%
tt0362165, 6%
tt0363269,33%
tt0364376,28%
tt0363504,12%
tt0365100,12%
tt0365885,74%
tt0365883,98%
tt0367830,81%
tt0365479,87%
tt0365437,87%
tt0367862,87%
tt0367866,87%
tt0365478,33%
tt0365485,75%
tt0365847,20%
tt0368298,30%
tt0368222,53%
tt0367652, 9%
tt0368662, 9%
tt0368578,11%
tt0368571,63%
tt0367594,63%
tt0368709,28%
tt0369258,75%
tt0368679,75%
tt0369441,29%
tt0369735,18%
tt0371405,26%
tt0369994,51%
tt0372238,36%
tt0372907,43%
tt0372122,54%
tt0372401,14%
tt0372237,41%
tt0371724,60%
tt0372532,11%
tt0373469,86%
tt0373432,30%
tt0373445,40%
tt0373416, 6%
tt0373972, 6%
tt0373908,13%
tt0374201,14%
tt0376181,25%
tt0374621,32%
tt0376633,32%
tt0376108,14%
tt0374923,93%
tt0375222,39%
tt0376105,35%
tt0376543,51%
tt0377818,14%
tt0376827,31%
tt0377029,50%
tt0377471,50%
tt0379473,54%
tt0380817,40%
tt0379708,20%
tt0379240,38%
tt0379033,38%
tt0379570,38%
tt0379402, 0%
tt0380623, 6%
tt0381190,73%
tt0381505,33%
tt0382365,33%
tt0382038,33%
tt0381667,33%
tt0382382,23%
tt0383353,45%
tt0382717,39%
tt0382572,58%
tt0383041,50%
tt0383358,50%
tt0382960,50%
tt0383648,43%
tt0383274,43%
tt0384194,80%
tt0385560,38%
tt0385307,15%
tt0385666,67%
tt0385006,79%
tt0385057,38%
tt0383491,34%
tt0384436,60%
tt0384642,41%
tt0385594,41%
tt0385056,60%
tt0384680,60%
tt0385890,23%
tt0385727,71%
tt0384891,71%
tt0385933,71%
tt0386588,69%
tt0386603,77%
tt0388125,74%
tt0388193,38%
tt0388183, 2%
tt0388287,25%
tt0388500,38%
tt0387514,38%
tt0389053,38%
tt0388973,41%
tt0391304,41%
tt0390614,71%
tt0391728,71%
tt0392908,42%
tt0392465,80%
tt0393685,40%
tt0393875, 5%
tt0395251,51%
tt0395553,51%
tt0395589,51%
tt0395699,21%
tt0396116,21%
tt0396269,75%
tt0396535,75%
tt0396752,74%
tt0398165,31%
tt0396652,52%
tt0397401,23%
tt0397077,43%
tt0397753,43%
tt0397692,43%
tt0398375,21%
tt0399356,21%
tt0399186,21%
tt0398927,30%
tt0398982,55%
tt0398971,22%
tt0399222,35%
tt0400497,41%
tt0399462,20%
tt0399327,12%
tt0400525,47%
tt0401591,47%
tt0401244,32%
tt0402043,58%
tt0401085,00%
tt0401385,16%
tt0402247,51%
tt0402850,30%
tt0401462,14%
tt0402040,14%
tt0402230,73%
tt0402115,77%
tt0402294,16%
tt0402894,45%
tt0403508,82%
tt0403522,82%
tt0405086,82%
tt0403455,66%
tt0403848,26%
tt0404030,66%
tt0405325,73%
tt0406219,73%
tt0405282,73%
tt0405357,53%
tt0405422,85%
tt0406097,48%
tt0405163,48%
tt0406375,76%
tt0406350,76%
tt0406528,78%
tt0405743,84%
tt0406222,76%
tt0406650,37%
tt0407265,77%
tt0407111, 0%
tt0407732, 7%
tt0407269, 0%
tt0407236,65%
tt0407121,80%
tt0408120,92%
tt0407680,20%
tt0408318,26%
tt0408302,17%
tt0409184,72%
tt0409937,72%
tt0408930,72%
tt0408828,42%
tt0409034,22%
tt0408524,48%
tt0409011,14%
tt0409032,14%
tt0408961,17%
tt0410400,69%
tt0412019,87%
tt0411805,16%
tt0411427,61%
tt0410231,61%
tt0410316,61%
tt0411806,16%
tt0411195,58%
tt0412298,21%
tt0412074,21%
tt0412032,21%
tt0412535,50%
tt0412422,60%
tt0412498,60%
tt0413179,60%
tt0412922,77%
tt0413015,68%
tt0413356,43%
tt0413373,43%
tt0415981,75%
tt0415978,82%
tt0414629,82%
tt0414195,82%
tt0413879,36%
tt0413509,70%
tt0414796,70%
tt0415119,70%
tt0413643,58%
tt0415042,58%
tt0415960,58%
tt0413628,58%
tt0413466,37%
tt0416214,37%
tt0414513,22%
tt0415739,33%
tt0416502,33%
tt0416330,77%
tt0416333,14%
tt0416658,79%
tt0416271,54%
tt0416891,35%
tt0415679,33%
tt0416836,11%
tt0416775,17%
tt0417100,17%
tt0417459,77%
tt0417001,37%
tt0417736,40%
tt0417658,74%
tt0417532,43%
tt0417907,40%
tt0418455,70%
tt0417944,74%
tt0418499,25%
tt0417751,38%
tt0418016,50%
tt0419658,50%
tt0419099,50%
tt0419026,64%
tt0419610,64%
tt0421262,33%
tt0420978,42%
tt0420982,81%
tt0420529,74%
tt0420941,74%
tt0417930,65%
tt0418325,36%
tt0420347,48%
tt0418251,48%
tt0418323,75%
tt0418239,71%
tt0418084, 0%
tt0418887,43%
tt0418872,43%
tt0419259,43%
tt0418773,86%
tt0419416,86%
tt0419663,27%
tt0419256,54%
tt0418873,54%
tt0419198,20%
tt0421090,25%
tt0421275,60%
tt0420555,60%
tt0421528,44%
tt0421920,53%
tt0421994,35%
tt0421229,70%
tt0421750,00%
tt0421998,27%
tt0422015,80%
tt0422093,16%
tt0422528,65%
tt0423238,36%
tt0424025,53%
tt0424287,30%
tt0423444,88%
tt0424338,35%
tt0425598,92%
tt0423814,19%
tt0423914,78%
tt0425314,40%
tt0423409,88%
tt0424774,20%
tt0423382,66%
tt0423442,38%
tt0423841,20%
tt0424958,40%
tt0423877,40%
tt0425426,40%
tt0426459,55%
tt0424999,85%
tt0426615,13%
tt0425333,13%
tt0425202,57%
tt0136517,57%
tt0197633,73%
tt0204250,73%
tt0244521,43%
tt0270417,22%
tt0275258,18%
tt0280000,18%
tt0284363,80%
tt0291569,87%
tt0298337,10%
tt0302498,23%
tt0308353, 6%
tt0310334, 0%
tt0317219, 0%
tt0328179, 0%
tt0327084,75%
tt0328899,75%
tt0337564,75%
tt0339086,20%
tt0339382,42%
tt0344854,22%
tt0354704,00%
tt0354899,70%
tt0362058,14%
tt0361858,14%
tt0361852,14%
tt0362120,34%
tt0365830,52%
tt0364955,36%
tt0367027,69%
tt0366548,76%
tt0368311,80%
tt0368863,87%
tt0371552,86%
tt0371530,50%
tt0375785, 8%
tt0377061,21%
tt0378761,87%
tt0377320,87%
tt0381053,87%
tt0381341,40%
tt0382222,40%
tt0381971,40%
tt0383216,21%
tt0383478,50%
tt0383060,50%
tt0384793,38%
tt0385206,38%
tt0385299,38%
tt0385880,75%
tt0387808,71%
tt0388288, 0%
tt0390245,26%
tt0389528,44%
tt0389860,34%
tt0390528,34%
tt0391229,73%
tt0393297,18%
tt0396042,46%
tt0395495,22%
tt0396575,22%
tt0397314,22%
tt0397078,14%
tt0397660,38%
tt0397551,31%
tt0398839,11%
tt0399110,11%
tt0399497,78%
tt0400717,49%
tt0401711,86%
tt0401445,26%
tt0402378,20%
tt0402763,67%
tt0403598,57%
tt0405508,89%
tt0405052,42%
tt0405469,19%
tt0405336,41%
tt0403946,67%
tt0406850,67%
tt0407038,30%
tt0407814,44%
tt0408985,55%
tt0409301,92%
tt0409398,92%
tt0410730,81%
tt0409043,21%
tt0409681,57%
tt0410751,57%
tt0412297,23%
tt0412637,83%
tt0414853,22%
tt0416111,16%
tt0416051,37%
tt0415949,36%
tt0413895,79%
tt0415306,71%
tt0416887,80%
tt0416496,56%
tt0417056, 0%
tt0417175, 0%
tt0417547,66%
tt0417220,66%
tt0418206,21%
tt0418115,21%
tt0418676, 0%
tt0419146,55%
tt0418765,55%
tt0418823,55%
tt0417909, 0%
tt0420087,81%
tt0419058,67%
tt0418657,33%
tt0419749,63%
tt0419396,63%
tt0420223,63%
tt0419946,17%
tt0421244,17%
tt0421045,50%
tt0420757,38%
tt0421729, 5%
tt0422366,71%
tt0422401,57%
tt0422861,23%
tt0425478,90%
tt0424095,73%
tt0424818,73%
tt0424345,63%
tt0425253,54%
tt0426462,33%
tt0425326,76%
tt0425601,57%
tt0424804,00%
tt0424993,20%
tt0425395,31%
tt0427089,57%
tt0427229,23%
tt0427415,20%
tt0428646,46%
tt0431124,39%
tt0429727,39%
tt0428446,25%
tt0430589,57%
tt0429187,72%
tt0430304,12%
tt0431461, 0%
tt0430559, 0%
tt0429591,52%
tt0430634,32%
tt0430552,32%
tt0430202,39%
tt0429018,35%
tt0430582,35%
tt0429589,62%
tt0431287,62%
tt0432288,60%
tt0432318,40%
tt0430779,41%
tt0433412, 4%
tt0433549, 4%
tt0433988, 4%
tt0433451,68%
tt0436331,72%
tt0434139,46%
tt0435794,46%
tt0436200,46%
tt0435706,16%
tt0437171,56%
tt0437777,61%
tt0439752,61%
tt0437857,76%
tt0437863,13%
tt0439848,46%
tt0439179,32%
tt0441507,32%
tt0438097,56%
tt0439654,59%
tt0438916,95%
tt0441748, 0%
tt0439815, 0%
tt0439289,32%
tt0441762,73%
tt0441633,28%
tt0440992,28%
tt0441909,28%
tt0442207,66%
tt0444112,74%
tt0443455,91%
tt0444519,40%
tt0443512,60%
tt0443441,67%
tt0443501,67%
tt0445609,51%
tt0443651,43%
tt0443431,50%
tt0447249,92%
tt0443644,18%
tt0443453,91%
tt0443629, 0%
tt0447383,00%
tt0446687,48%
tt0445035,17%
tt0447999,36%
tt0448166,19%
tt0449303,86%
tt0445800,14%
tt0448076,91%
tt0448239,30%
tt0448001,30%
tt0450784,80%
tt0450972,36%
tt0450843,53%
tt0448245,30%
tt0449851,71%
tt0448927,71%
tt0448909,71%
tt0449089,24%
tt0449003,24%
tt0450586,24%
tt0449059,91%
tt0451166,88%
tt0449570,88%
tt0450506,20%
tt0451284, 6%
tt0450615, 6%
tt0450440, 6%
tt0451264, 6%
tt0452634,65%
tt0452706,76%
tt0454945,44%
tt0452685,44%
tt0452681,17%
tt0452633,17%
tt0452866,57%
tt0452345,58%
tt0452643,20%
tt0452594,34%
tt0452971,70%
tt0455362,27%
tt0455400,27%
tt0453457,27%
tt0454482,27%
tt0453453,29%
tt0455958,53%
tt0455841,53%
tt0453494,26%
tt0456144,90%
tt0455612,26%
tt0455093,26%
tt0456513,26%
tt0455671,50%
tt0456467,74%
tt0456123,82%
tt0455988,82%
tt0456481,50%
tt0456554,15%
tt0454084,25%
tt0456070,67%
tt0454987,13%
tt0456698,86%
tt0455499,12%
tt0454457,38%
tt0456014,18%
tt0457303,17%
tt0457510,40%
tt0455967,40%
tt0457342,18%
tt0458076,28%
tt0458352,75%
tt0458449,18%
tt0458017,67%
tt0457279,44%
tt0458509,44%
tt0457513,41%
tt0457807,41%
tt0457939,41%
tt0458229,16%
tt0458326,22%
tt0457572,72%
tt0458364,72%
tt0459466,72%
tt0459127,76%
tt0459412,76%
tt0460792,49%
tt0460342,55%
tt0460732, 0%
tt0459502,55%
tt0460952,32%
tt0460858,29%
tt0460484,50%
tt0460905,50%
tt0460721,75%
tt0460275,52%
tt0460740,47%
tt0460557,47%
tt0460760,12%
tt0460925,46%
tt0460967,46%
tt0460812,78%
tt0461286,60%
tt0461612,60%
tt0461323,38%
tt0461386,38%
tt0462727,38%
tt0462338,86%
tt0462392,00%
tt0461946,68%
tt0462309,50%
tt0462395, 5%
tt0462485,64%
tt0461642,64%
tt0461760,42%
tt0462519,27%
tt0462346,61%
tt0463034,20%
tt0462690,64%
tt0462002,49%
tt0462362,36%
tt0462498,10%
tt0462382,10%
tt0462579,10%
tt0465142,39%
tt0464184,83%
tt0464196,66%
tt0465407,29%
tt0464095,42%
tt0466056,30%
tt0465517,20%
tt0464049,65%
tt0464913,76%
tt0464907,00%
tt0464160,70%
tt0466227,70%
tt0464051,43%
tt0464038,55%
tt0465177,55%
tt0463963,18%
tt0466043,18%
tt0466561,18%
tt0465207,56%
tt0464061,52%
tt0466856,62%
tt0468045,62%
tt0466460,90%
tt0467867,90%
tt0466342, 7%
tt0466664,75%
tt0468459,67%
tt0465967,67%
tt0465624,40%
tt0466365,59%
tt0466399,98%
tt0466771,57%
tt0468520,91%
tt0468521,44%
tt0468573,18%
tt0469233,18%
tt0470030,18%
tt0470765,53%
tt0471646,53%
tt0470995,28%
tt0469689,35%
tt0469055,66%
tt0469690,71%
tt0471930,89%
tt0470070,89%
tt0469897,69%
tt0472160,53%
tt0473174,50%
tt0470968,24%
tt0470692,61%
tt0473500,18%
tt0473609,35%
tt0472727,66%
tt0473709,64%
tt0470732,55%
tt0472482,55%
tt0472520,55%
tt0469754,74%
tt0470082,55%
tt0470079,20%
tt0472615,43%
tt0469911,43%
tt0469519,33%
tt0119231,47%
tt0227671,25%
tt0275236,33%
tt0293564,17%
tt0300007,97%
tt0308900,97%
tt0329354,30%
tt0348062,30%
tt0357545,46%
tt0361724,17%
tt0365880,85%
tt0382036,86%
tt0382932,96%
tt0385683,96%
tt0388182,63%
tt0389790,50%
tt0393329,70%
tt0393956,60%
tt0396555,67%
tt0398404,67%
tt0403057,33%
tt0408336,87%
tt0408839,29%
tt0413099,24%
tt0415141, 8%
tt0413267,42%
tt0415965,35%
tt0416966,35%
tt0418586,64%
tt0419704,16%
tt0419083,25%
tt0419984,14%
tt0419843,44%
tt0422981,62%
tt0422783,33%
tt0423294,79%
tt0425112,91%
tt0424823,21%
tt0424539,65%
tt0423977,58%
tt0425546,58%
tt0425308,83%
tt0425413,46%
tt0425522,46%
tt0427327,92%
tt0428579,50%
tt0427998,40%
tt0431308,25%
tt0432123,25%
tt0432264,52%
tt0434313,64%
tt0436288,64%
tt0436825,85%
tt0437473,85%
tt0438365,26%
tt0437954,24%
tt0439115,62%
tt0439876,62%
tt0446009,62%
tt0443529,62%
tt0445336,62%
tt0444672,10%
tt0446027,36%
tt0446801,36%
tt0446060,36%
tt0445934,70%
tt0446752,70%
tt0448106,21%
tt0450238, 0%
tt0450412,38%
tt0447857,40%
tt0447907,69%
tt0448150,28%
tt0451039,89%
tt0449573,89%
tt0451223,89%
tt0451106,26%
tt0451082,25%
tt0452625, 5%
tt0453451,51%
tt0455805,51%
tt0452644,80%
tt0452595,67%
tt0452586,80%
tt0453556,80%
tt0455782,55%
tt0453517,50%
tt0455326,50%
tt0454962,70%
tt0457385,70%
tt0457419,39%
tt0457505,73%
tt0459652,75%
tt0459468,43%
tt0460811,25%
tt0460745,30%
tt0461012,56%
tt0462244, 1%
tt0461770, 1%
tt0462229, 4%
tt0462538,87%
tt0462601,87%
tt0462295,22%
tt0462409,19%
tt0462474,80%
tt0464131,80%
tt0463873,80%
tt0465375,31%
tt0465461,51%
tt0463934,51%
tt0465616, 8%
tt0466100,86%
tt0466456,67%
tt0466713,67%
tt0467110,14%
tt0467406,94%
tt0466943,56%
tt0466867,56%
tt0466766,56%
tt0466839,67%
tt0468644,70%
tt0469184,61%
tt0469429,38%
tt0469694,60%
tt0470190,51%
tt0473153,67%
tt0469236,40%
tt0472477,40%
tt0470737,57%
tt0472062,82%
tt0472205,53%
tt0473310, 9%
tt0475283, 9%
tt0473308,89%
tt0473015,50%
tt0473403,50%
tt0475286, 0%
tt0475289, 0%
tt0475567, 0%
tt0475431, 4%
tt0476705,81%
tt0475984,47%
tt0476995,37%
tt0476819,27%
tt0477078,84%
tt0477051, 9%
tt0478311,89%
tt0479289,44%
tt0478265,21%
tt0478365,21%
tt0479221,21%
tt0479008,71%
tt0479500,50%
tt0479181,54%
tt0478394,47%
tt0478763,18%
tt0479074,10%
tt0479519,71%
tt0481320,82%
tt0480242,65%
tt0480268,35%
tt0479978,33%
tt0481497,33%
tt0481141,42%
tt0481583,50%
tt0482600,17%
tt0482201,78%
tt0483093,78%
tt0482901,88%
tt0483098,88%
tt0482358,88%
tt0482961,88%
tt0483763,16%
tt0483776,35%
tt0483759,43%
tt0483756,26%
tt0483796,13%
tt0484111,30%
tt0484207,17%
tt0485272,64%
tt0485185,25%
tt0485129,50%
tt0485131,17%
tt0486665,59%
tt0486640, 9%
tt0486583,21%
tt0486620,21%
tt0486946,14%
tt0486497,14%
tt0486209,47%
tt0487505,67%
tt0487144,37%
tt0487203,29%
tt0489235,38%
tt0489213,76%
tt0488565,76%
tt0489286,40%
tt0489237,34%
tt0489212,47%
tt0489225,49%
tt0489063,54%
tt0488240,90%
tt0488535,59%
tt0488023,53%
tt0488798,53%
tt0491109,60%
tt0489486,44%
tt0491168,44%
tt0489256,44%
tt0490086,11%
tt0490579,40%
tt0490084, 4%
tt0490016, 4%
tt0491176, 4%
tt0490701, 8%
tt0491211,23%
tt0493224,36%
tt0493407,25%
tt0493445,25%
tt0493160,92%
tt0494222,57%
tt0492486,57%
tt0494295,57%
tt0493388,57%
tt0492956,30%
tt0493417,45%
tt0495025,45%
tt0493421,70%
tt0496304,30%
tt0496328,38%
tt0496373,24%
tt0497411,38%
tt0497972,25%
tt0498368,25%
tt0498350,25%
tt0498525,37%
tt0498793,80%
tt0499435,80%
tt0499570,27%
tt0499554,34%
tt0499261,34%
tt0756729,34%
tt0758766,63%
tt0757361,51%
tt0758754,16%
tt0756724,16%
tt0758753,10%
tt0758798,58%
tt0758786,73%
tt0757858,93%
tt0760332,93%
tt0762104,93%
tt0762107,14%
tt0760173,61%
tt0762114, 7%
tt0762142,79%
tt0762093,22%
tt0763847,38%
tt0764639,44%
tt0765130,44%
tt0765430,44%
tt0768177,44%
tt0770772,19%
tt0772157,64%
tt0772178, 2%
tt0775480,37%
tt0775073,93%
tt0775529,90%
tt0775536,31%
tt0780565,54%
tt0780622,80%
tt0782684,80%
tt0780485,63%
tt0780486,40%
tt0780608,66%
tt0780621,66%
tt0780552,20%
tt0780568,54%
tt0783475,54%
tt0783511,68%
tt0783601,34%
tt0783234,57%
tt0784962, 4%
tt0784972,16%
tt0785077, 6%
tt0785004,41%
tt0787500,70%
tt0787495,47%
tt0787475,47%
tt0790804, 9%
tt0790709,89%
tt0790676,33%
tt0790618,33%
tt0790612,52%
tt0790657, 9%
tt0790623, 9%
tt0791309,56%
tt0791304,56%
tt0790751,78%
tt0791244,78%
tt0791225,78%
tt0791106,78%
tt0793413,78%
tt0792992,30%
tt0792975,34%
tt0794302,34%
tt0795361,17%
tt0795368,62%
tt0795505,30%
tt0795439,55%
tt0796335,68%
tt0796314,86%
tt0795434,81%
tt0797093,27%
tt0798435,70%
tt0800187,22%
tt0799997,48%
tt0800003, 5%
tt0800205,59%
tt0800044,89%
tt0799949, 2%
tt0800956,40%
tt0802982,40%
tt0806130,67%
tt0806088,67%
tt0804439,67%
tt0804540,42%
tt0804452,42%
tt0804502,35%
tt0805564,81%
tt0806940,54%
tt0807758,54%
tt0808323,25%
tt0808457,14%
tt0807943,14%
tt0808272,14%
tt0808288,14%
tt0808306,51%
tt0808230,29%
tt0810082,55%
tt0810868,72%
tt0810099,82%
tt0811106,35%
tt0118837,35%
tt0119970,50%
tt0211946,88%
tt0317249,88%
tt0340020,88%
tt0361500,12%
tt0363780,64%
tt0369436,63%
tt0373028,38%
tt0373817,38%
tt0380249,71%
tt0379865,52%
tt0383062,52%
tt0392878,46%
tt0393849,46%
tt0397892,90%
tt0404254,50%
tt0405393,73%
tt0410377,53%
tt0411271,40%
tt0411234,37%
tt0415489,13%
tt0413896,13%
tt0420999,27%
tt0420238,57%
tt0425068,50%
tt0426592,16%
tt0425061,16%
tt0430770,13%
tt0430922,77%
tt0436854,96%
tt0439882,96%
tt0441773,87%
tt0441799,87%
tt0446676, 3%
tt0447166,80%
tt0448128,47%
tt0448205,60%
tt0451214,24%
tt0451079,79%
tt0455538,37%
tt0455824,37%
tt0460810,71%
tt0463352,71%
tt0462219,47%
tt0464096,17%
tt0463872,18%
tt0465502,40%
tt0465430,72%
tt0469081,72%
tt0469099,50%
tt0471032, 0%
tt0472050,70%
tt0473539,40%
tt0475259,40%
tt0475252,25%
tt0473367,85%
tt0475997,85%
tt0475936,36%
tt0476550,33%
tt0476991,33%
tt0477768,40%
tt0477812,98%
tt0475998,43%
tt0479263,43%
tt0478984,75%
tt0478154,68%
tt0478305,15%
tt0479999,15%
tt0479952,64%
tt0481536,64%
tt0481494,33%
tt0480566,33%
tt0481417,33%
tt0482603,33%
tt0484831,43%
tt0485794,88%
tt0485675, 6%
tt0485782,81%
tt0486578,12%
tt0486674,50%
tt0489282, 2%
tt0492881,25%
tt0494277,53%
tt0494652,23%
tt0493447,23%
tt0494279,18%
tt0497465,18%
tt0497339,47%
tt0499420,47%
tt0499672, 0%
tt0756673,54%
tt0756621,54%
tt0757201,50%
tt0758734,00%
tt0758747,00%
tt0762118,00%
tt0765242,00%
tt0765476,20%
tt0768218,12%
tt0770736,83%
tt0770752,11%
tt0770814,33%
tt0780536,33%
tt0780534,29%
tt0783538,44%
tt0784979,44%
tt0785007,14%
tt0787485,20%
tt0790723,29%
tt0790643,29%
tt0791533,12%
tt0795421,55%
tt0796907,55%
tt0798732,90%
tt0800268,29%
tt0800039,83%
tt0799934,83%
tt0800058,80%
tt0803057,55%
tt0806147,18%
tt0806165,51%
tt0804492, 6%
tt0804438,45%
tt0804508,45%
tt0806073,54%
tt0808399,37%
tt0809504, 6%
tt0808244,52%
tt0811138,13%
tt0809920,68%
tt0811080,68%
tt0814131,53%
tt0815096,53%
tt0815241,69%
tt0815490,38%
tt0815229,36%
tt0816607,67%
tt0815235,24%
tt0818610,24%
tt0817538,27%
tt0818831,22%
tt0819735,50%
tt0822832,63%
tt0822831,10%
tt0822819,41%
tt0827192,63%
tt0826558,63%
tt0826637,90%
tt0826523,50%
tt0826592,56%
tt0827170,50%
tt0830813,50%
tt0830924,59%
tt0831328,59%
tt0831904,59%
tt0832284,59%
tt0832266,71%
tt0833557,67%
tt0834171,33%
tt0834899, 0%
tt0834541,33%
tt0835828,00%
tt0838283,00%
tt0839980,23%
tt0841009,67%
tt0841138,50%
tt0844671, 5%
tt0844286,68%
tt0845492,22%
tt0847211,22%
tt0846308,80%
tt0847770,80%
tt0848281,27%
tt0848638,27%
tt0848538,41%
tt0853186,76%
tt0852713,43%
tt0853129,43%
tt0855846,43%
tt0856163,61%
tt0858479,50%
tt0859644,80%
tt0862846,74%
tt0866439,16%
tt0867591,38%
tt0867271,38%
tt0870176,43%
tt0869994,66%
tt0870122,60%
tt0871511,60%
tt0871426,63%
tt0871026,11%
tt0872264,11%
tt0874425,25%
tt0875611,25%
tt0875608,62%
tt0876563,91%
tt0880458,91%
tt0882969,29%
tt0882755,17%
tt0883410,33%
tt0882113,22%
tt0884224,22%
tt0883398,23%
tt0887883,23%
tt0886531,77%
tt0889134,40%
tt0892096,41%
tt0892099,57%
tt0893322,57%
tt0892900,86%
tt0893509,16%
tt0899191,80%
tt0901487,80%
tt0902290,71%
tt0903133,71%
tt0904028,71%
tt0904128,30%
tt0906609,79%
tt0906319,67%
tt0907678,10%
tt0910898,10%
tt0910936,68%
tt0910904,18%
tt0910915,18%
tt0914797,48%
tt0914845,40%
tt0915460,16%
tt0915473,54%
tt0918639,71%
tt0918627,86%
tt0922395,33%
tt0923600,79%
tt0926063,80%
tt0929860,72%
tt0931353,72%
tt0934840,50%
tt0937221,57%
tt0940709,49%
tt0940828,49%
tt0940584,49%
tt0940688,45%
tt0942385,82%
tt0942886,83%
tt0944849,83%
tt0944101,50%
tt0945521,60%
tt0944958,60%
tt0944834,67%
tt0948530,93%
tt0950749,93%
tt0951333,28%
tt0950670,28%
tt0951216,22%
tt0953369,11%
tt0955321,11%
tt0954272,11%
tt0960144,37%
tt0960890,38%
tt0960731,27%
tt0960721,32%
tt0962726,64%
tt0963208,64%
tt0963738,64%
tt0963743,73%
tt0965400,73%
tt0969250,41%
tt0970520,36%
tt0970936,36%
tt0970469, 0%
tt0970468,78%
tt0970190,78%
tt0972378,38%
tt0974005,22%
tt0972857,15%
tt0974977,21%
tt0976247, 0%
tt0976036, 0%
tt0976060,76%
tt0975720,53%
tt0977646,33%
tt0977637,63%
tt0978833,35%
tt0981227,75%
tt0983909,60%
tt0984205,60%
tt0984039,50%
tt0984130,59%
tt0985118,12%
tt0985101,12%
tt0985593, 8%
tt0986230,50%
tt0985057,50%
tt0988595,40%
tt0988043,28%
tt0991351,28%
tt0991350,28%
tt0988083,67%
tt0991346,60%
tt0993789,86%
tt0995039,86%
tt0995054,94%
tt0995857,41%
tt0995752,50%
tt0997109,50%
tt0996982,73%
tt0996913,73%
tt0996967,57%
tt0997047,12%
tt0996962,69%
tt1000091,69%
tt1000774,50%
tt1001562, 4%
tt0153140,10%
tt0288190,40%
tt0304876,40%
tt0311698,56%
tt0312958,56%
tt0353765,70%
tt0365873,40%
tt0375568,40%
tt0382579,75%
tt0403702,67%
tt0411670,67%
tt0417205,14%
tt0432283,93%
tt0436339,93%
tt0437405,32%
tt0438894,32%
tt0453501,32%
tt0452935,31%
tt0452694,39%
tt0457400,39%
tt0462479,39%
tt0462559,39%
tt0464077,34%
tt0469251,43%
tt0473102,58%
tt0473001,25%
tt0476009,48%
tt0489049,32%
tt0492896,57%
tt0496673,60%
tt0499493,31%
tt0762125,23%
tt0762072,20%
tt0762105,19%
tt0770731,13%
tt0770790,13%
tt0775418,13%
tt0775552,34%
tt0780002,91%
tt0780567,41%
tt0780521,85%
tt0787470,27%
tt0785006,46%
tt0790627,40%
tt0790633,40%
tt0791488,29%
tt0804469,29%
tt0807028,29%
tt0808285,32%
tt0808232,37%
tt0808526,68%
tt0814265,68%
tt0814331,50%
tt0815182,29%
tt0821640,28%
tt0822833,44%
tt0826751,43%
tt0826641,56%
tt0828103,13%
tt0829427,71%
tt0829422,92%
tt0832318,17%
tt0838232,12%
tt0839741,12%
tt0839856,14%
tt0843852,14%
tt0843876,19%
tt0844471,86%
tt0850648,51%
tt0851515,77%
tt0852967,40%
tt0854676,40%
tt0857275,42%
tt0857280,42%
tt0860837,42%
tt0865559,10%
tt0871857,14%
tt0881891, 6%
tt0882789,15%
tt0884326,42%
tt0889146,54%
tt0887966,47%
tt0889583,67%
tt0892094,67%
tt0892060,67%
tt0892782,73%
tt0892904,45%
tt0893367,27%
tt0896811,69%
tt0901476,10%
tt0903606,24%
tt0910554,35%
tt0910555,20%
tt0913413,18%
tt0918541,75%
tt0924468, 0%
tt0926091,54%
tt0933874, 0%
tt0936471, 0%
tt0955381,75%
tt0960097,40%
tt0969336,40%
tt0969649,40%
tt0972759,38%
tt0974011,38%
tt0974661,57%
tt0976238, 5%
tt0975699, 5%
tt0976246,25%
tt0976222,82%
tt0977644,82%
tt0978762,95%
tt0986220,44%
tt0985060,44%
tt0985056,44%
tt0985695,28%
tt0991174,42%
tt0993790,79%
tt0994765,68%
tt0995063,60%
tt0997212,71%
tt0997263,79%
tt0997434,79%
tt1001534,56%
tt1001508,41%
tt1002741,41%
tt1003034,53%
tt0331312,53%
tt0393049,53%
tt0398286,89%
tt0423474, 7%
tt0427152,42%
tt0435761,42%
tt0449005,42%
tt0446029,82%
tt0454155,82%
tt0464032,00%
tt0464154,74%
tt0469094,20%
tt0476023,20%
tt0482461,47%
tt0483839,71%
tt0490199,71%
tt0493949,70%
tt0492389, 8%
tt0758752,49%
tt0765485,49%
tt0800054,52%
tt0804497,58%
tt0808510,17%
tt0815236,57%
tt0817230,18%
tt0817177,18%
tt0826532, 8%
tt0842926,92%
tt0846004,40%
tt0847735,40%
tt0858411, 9%
tt0858500, 9%
tt0861747, 9%
tt0878835,86%
tt0882741,86%
tt0887161,21%
tt0889573,53%
tt0892318,42%
tt0892791,57%
tt0892769,99%
tt0910926,99%
tt0915463,44%
tt0920459,59%
tt0924266,80%
tt0929618, 9%
tt0960827, 0%
tt0963177,27%
tt0964544,27%
tt0965429,27%
tt0970926,22%
tt0970866,22%
tt0979434,34%
tt0984210, 9%
tt0994917, 9%
tt10010264, 9%
tt1001526, 9%
tt1008046, 9%
tt0376136,51%
tt0377981,55%
tt0407194,55%
tt0433397,59%
tt0448694,59%
tt0459748,75%
tt0461336,68%
tt0462536,68%
tt0464891,68%
tt0472181,21%
tt0473088,21%
tt0471042,21%
tt0473122, 5%
tt0480687, 5%
tt0483740, 5%
tt0484828, 5%
tt0491152,15%
tt0770703,23%
tt0772179,68%
tt0803061,84%
tt0810913, 3%
tt0810922,28%
tt0844915,28%
tt0847180,83%
tt0852986,83%
tt0865561,22%
tt0893412,24%
tt0961097,87%
tt0969332,87%
tt0972848,84%
tt0986361,27%
tt0990407,45%
tt10014790,85%
tt0249516,11%
tt0285252,38%
tt0383010,51%
tt0404978,18%
tt0426566,18%
tt0452664,18%
tt0475360,18%
tt0485521,99%
tt0763831,99%
tt0765446,33%
tt0790653,53%
tt0811137,78%
tt0835418, 8%
tt0837562, 8%
tt0841185, 8%
tt0851471, 0%
tt0878814,18%
tt0938305,86%
tt0961755,86%
tt0991173,86%
tt10075088,86%
tt10087454,86%
tt0255820,86%
tt0359950,52%
tt0452183,52%
tt0469021,87%
tt0481499,87%
tt0490075,82%
tt0762138,25%
tt0780625,25%
tt0790628,37%
tt0790736,37%
tt0795461, 4%
tt0804509,50%
tt0993846,80%
tt10008830,74%
tt10014502,74%
tt10017088,74%
tt10028038,81%
tt10033686,81%
tt10040980,81%
tt10050166,94%
tt10050692,94%
tt10064210,98%
tt10075664,66%
tt10091566, 6%
tt0016906,60%
tt0168809,87%
tt0329539,87%
tt0443465,28%
tt0458413,23%
tt0780548,23%
tt0787474,78%
tt0862748,78%
tt0864835,81%
tt0892062,81%
tt0910885,81%
tt0959306,94%
tt0996664,94%
tt10014526,94%
tt10022320,50%
tt10048070,50%
tt10069022,50%
tt10068944,38%
tt10069062,38%
tt0191476,74%
tt0346045,20%
tt0420097,28%
tt0478970,83%
tt0884732,29%
tt10005306,29%
tt10014650,29%
tt10016730,29%
tt10022342,70%
tt10022366,86%
tt10054954,75%
tt0357159,86%
tt0359111,92%
tt0359113,92%
tt0359114,98%
tt0373361,80%
tt0422842,80%
tt0475290,80%
tt0765453,80%
tt0821486,80%
tt0825283,80%
tt0837156,83%
tt0838194,62%
tt10011176,71%
tt10027418,71%
tt10037190,71%
tt10056554,71%
tt10061818,71%
tt0087963,71%
tt0100275,00%
tt0331314,39%
tt0491175,28%
tt0493405,19%
tt0835802,13%
tt0937225,13%
tt10008900,13%
tt10010634,13%
tt10011206,13%
tt10016710,13%
tt10016496,13%
tt10017062,60%
tt10017520,85%
tt10022382,72%
tt10035124,75%
tt10033594,75%
tt10036736,40%
tt10038738,40%
tt10041362,40%
tt10042936,27%
tt10049108,98%
tt10055588,98%
tt10065874,98%
tt10071966,79%
tt10071942,79%
tt10070746,40%
tt10071408,40%
tt0111414,40%
tt0365545,67%
tt0859635,35%
tt10003672,26%
tt10006452,62%
tt10006684,51%
tt10011220,51%
tt10014144,51%
tt10015330,88%
tt10015278,94%
tt10015356,94%
tt10014042,00%
tt10015262,00%
tt10016736,56%
tt10021014,00%
tt10022258,00%
tt10022766,00%
tt10026726,00%
tt10027474,00%
tt10028630,95%
tt10029026,59%
tt10032562,93%
tt10033636,76%
tt10038732,76%
tt10038068,76%
tt10039232,76%
tt10039976,98%
tt10039632,59%
tt10045436,59%
tt10044046,59%
tt10048330,89%
tt10049152,89%
tt10049172,55%
tt10054310,55%
tt10049898,73%
tt10054002,17%
tt10055198,17%
tt10056070,17%
tt10052452,17%
tt10059226,93%
tt10061802,00%
tt0448115,00%
tt0800325,37%
tt10003806,37%
tt10002544,37%
tt10006270,57%
tt10002862,57%
tt10007352,57%
tt10006208,57%
tt10008526,57%
tt10009030,94%
tt10010132,20%
tt10006250,33%
tt10008568,00%
tt10008984,00%
tt10009474,00%
tt10011302,80%
tt10009434,80%
tt10011336,96%
tt10012688,96%
tt10013072,83%
tt10010836,83%
tt10011244,83%
tt10010790,83%
tt10009332,83%
tt10014298,73%
tt10019160,83%
tt10016376,83%
tt10017956,83%
tt10021774,83%
tt10022374,95%
tt10021478,95%
tt10021302,95%
tt10021796,95%
tt10020682,95%
tt10021294,59%
tt10020950,49%
tt10021090,49%
tt10021712,49%
tt10021640,49%
tt10021364,49%
tt10021464,49%
tt10022014,49%
tt10022148,71%
tt10021758,71%
tt10021686,71%
tt10021716,71%
tt10021688,71%
tt10022384,71%
tt0446792,42%
tt0805647,49%
tt10004368,00%
tt10005078,00%
tt10005772,60%
tt10011184,60%
tt10014322,60%
tt10015802,60%
tt10021472,60%
tt10023150,00%
tt10032352,00%
tt10036476,00%
tt10035666,00%
tt10039354,00%
tt10049262,00%
tt10054316,00%
tt10051088,71%
tt10054604,71%
tt10058888,71%
tt10061048,71%
tt10060772,00%
tt10073872,65%
tt10077544,00%
tt10079448,00%
tt10085194,00%
tt10085786,81%
tt10092172,40%
tt10095308,82%
tt10097312,82%
tt10098080,72%
tt10098084,72%
tt10100678,72%
tt10102402,45%
tt10101588,45%
tt10104502,45%
tt10110614,93%
tt10106082,93%
tt10111114,93%
tt10111180,83%
tt10116558,83%
tt10123682,83%
tt10123698,83%
tt10122486,90%
tt10126434,84%
tt10131028,84%
tt10131078,84%
tt10136110,84%
tt10135484,84%
tt10135262,84%
tt10143308,85%
tt10149080,85%
tt10151804,17%
tt10150776,17%
tt10152722,71%
tt10155378,71%
tt10157810,71%
tt10161886,54%
tt10166648,80%
tt10167478,80%
tt10168672,80%
tt10165742, 8%
tt10171474,15%
tt10174310,15%
tt10171574,36%
tt10182460,73%
tt10182416,41%
tt10196398,59%
tt10199238,59%
tt10199854,59%
tt10204998,59%
tt10212486,67%
tt10225420,57%
tt10225726,62%
tt10229024,62%
tt10228512,22%
tt10229192,91%
tt10228534,91%
tt10229794,91%
tt10230414,91%
tt10230492,91%
tt10233406,91%
tt10236882,91%
tt10235718,91%
tt10236686,90%
tt10243018,90%
tt10244472,90%
tt10243514,90%
tt10247640,68%
tt10251538,68%
tt10252330,68%
tt10253764,68%
tt10260692,94%
tt10262380,94%
tt10260480,51%
tt10265622,58%
tt10264344,79%
tt10267428,79%
tt10264340,00%
tt10265730,00%
tt10265766,00%
tt10268752,00%
tt10276470,85%
tt10277776,85%
tt10278294,85%
tt10283474,85%
tt10279362,65%
tt10278758,65%
tt10280276,65%
tt10284690,65%
tt10283500,71%
tt10287954,71%
tt10287420,71%
tt10288480,71%
tt10288566,71%
tt10290298,71%
tt10292964,71%
tt10293178,00%
tt10294668,00%
tt10299044,00%
tt10298782,00%
tt10304548,78%
tt10307856,74%
tt10309086,73%
tt10309552,77%
tt10309906,93%
tt10310140,44%
tt10319854,44%
tt10324122,57%
tt10326882,57%
tt0195838,57%
tt0195957,57%
tt0326716,57%
tt0870154,57%
tt10010852,57%
tt10010874,71%
tt10020060,71%
tt10024902,96%
tt10037934,96%
tt10040326,96%
tt10044946,85%
tt10042868,85%
tt10043660,85%
tt10046798,84%
tt10047958,96%
tt10055546,40%
tt10068716,40%
tt10072662,58%
tt10083868,58%
tt10083640,40%
tt10095332,23%
tt10098288,23%
tt10101702,92%
tt10111198,84%
tt10116556,84%
tt10123112,84%
tt10121392,22%
tt10126040,65%
tt10149976,65%
tt10160896,57%
tt10166738,57%
tt10177394,57%
tt10188398,88%
tt10189338,88%
tt10207180,70%
tt10223204,21%
tt10228134,41%
tt10229984,41%
tt10232622,41%
tt10254354,00%
tt10261794,00%
tt10275546,00%
tt10273556,00%
tt10290510,00%
tt10300570,00%
tt10318096,00%
tt10332588,82%
tt10329022,82%
tt10337974,82%
tt10340460,94%
tt10339052,94%
tt10341040,27%
tt10345184,00%
tt10350920,00%
tt10355058,50%
tt10360860,50%
tt10369252,50%
tt10370822,60%
tt10370710,60%
tt10373668,60%
tt10375632,60%
tt10380900,86%
tt10392128,86%
tt10396036,96%
tt10399042,96%
tt10399532,80%
tt10403572,84%
tt10409102,84%
tt10410818,84%
tt10415664,84%
tt10417844,84%
tt10418776,84%
tt10432552,84%
tt10431332,84%
tt10433262,84%
tt10442562,88%
tt10452434,88%
tt10456804,88%
tt10461442,88%
tt10463056,88%
tt10466384,88%
tt10469060, 5%
tt10472020, 5%
tt10486486,92%
tt10498792,75%
tt10509600,96%
tt10510422,96%
tt10510280,96%
tt10511318,96%
tt10516196,80%
tt10520392,80%
tt10521476,80%
tt10528948,46%
tt10536638,46%
tt10537660,46%
tt10548938,59%
tt10553438,59%
tt10553928,00%
tt10560338,00%
tt10565666,00%
tt10569922,17%
tt10573984,17%
tt10573946,17%
tt10595006,17%
tt10593750,17%
tt10620100,17%
tt10626774,17%
tt10627930,17%
tt10635042,17%
tt10638320,17%
tt10643710,50%
tt10649008,67%
tt10657684,67%
tt10656034, 0%
tt10659270, 0%
tt10660486, 0%
tt10666594, 0%
tt10670754, 0%
tt10676012,78%
tt10674614,78%
tt10674770,78%
tt10687070,78%
tt10689780,97%
tt10692242,97%
tt10696586,97%
tt10698658,97%
tt10704668,00%
tt10712928,54%
tt10719634,54%
tt10722400,54%
tt10726872,54%
tt10728214,54%
tt10738602,54%
tt10738536,00%
tt10737860,00%
tt10742934,00%
tt10743280,00%
tt10752004,53%
tt10758868,65%
tt10758410,65%
tt10765448,65%
tt10766854,65%
tt10766468,65%
tt10767490,65%
tt10767140,20%
tt10772654,20%
tt10772298,20%
tt10783612, 7%
tt10791152,86%
tt10801458,86%
tt10805112,86%
tt10806034,86%
tt10810850,88%
tt10826156,88%
tt10828838,88%
tt10837310,88%
tt10835642,88%
tt10839454,88%
tt10838698,88%
tt10845680,88%
tt10845466,88%
tt10844984,88%
tt10845112,88%
tt10854954,33%
tt10863980,53%
tt10868062,53%
tt10868922,67%
tt10874280,67%
tt10883502,67%
tt10886670,67%
tt10883302,67%
tt10895576,25%
tt10896634,53%
tt10913972,53%
tt10915148,53%
tt10916314,53%
tt10916844,53%
tt10918500,22%
tt10919362,00%
tt10919446,00%
tt10924538,00%
tt10926320,43%
tt10928872,43%
tt10936934,83%
tt10938882,67%
tt10935152,67%
tt10945254,67%
tt10944596,46%
tt10942166,46%
tt10947934,46%
tt10953022,46%
tt10953880,46%
tt10960102,46%
tt10963736,00%
tt10963752,85%
tt10971314,67%
tt10968160,67%
tt10968040,67%
tt10970726,67%
tt10974702,67%
tt10974318,67%
tt10980818,67%
tt11002900,75%
tt11004566,75%
tt11004574,75%
tt11012066,15%
tt11020728,67%
tt11024528,67%
tt11024580,67%
tt11026760,92%
tt11043724,33%
tt11057882,33%
tt11060762,97%
tt11063978,97%
tt11074856,97%
tt11080108,78%
tt11084896,47%
tt11092496,47%
tt11095806,47%
tt11096382,57%
tt11098054,57%
tt11101606,29%
tt11102214,29%
tt11107326,29%
tt11112126,29%
tt11115882,82%
tt11115706,33%
tt11125620,28%
tt11132688,28%
tt0965381,00%
tt10028196,67%
tt10029484,67%
tt10035194,67%
tt10047464,67%
tt10160886,92%
tt10193142,92%
tt10215442,92%
tt10223460,61%
tt10234990,61%
tt10257354,77%
tt10288194,77%
tt10298840,77%
tt10304142,77%
tt10303920,77%
tt10308878,21%
tt10314040,21%
tt10321490,21%
tt10345880,98%
tt10373344,38%
tt10393870,38%
tt10415020,69%
tt10430844,69%
tt10473036,69%
tt10478422,69%
tt10503950,69%
tt10515720,69%
tt10541410,69%
tt10555650,69%
tt10558652,69%
tt10588504,69%
tt10627804,69%
tt10633878,69%
tt10640346,69%
tt10648342,69%
tt10686576,29%
tt10687220, 0%
tt10687116, 0%
tt10701764, 0%
tt10699086,74%
tt10719644,74%
tt10741388,98%
tt10771320,57%
tt10787610,57%
tt10836576,57%
tt10904808,57%
tt10983148,39%
tt10999120,39%
tt11112808, 0%
tt11112784, 0%
tt11150726, 0%
tt11151578, 0%
tt11151958, 0%
tt11203728,94%
tt11207270,80%
tt11209930,80%
tt11209612,96%
tt11214950,96%
tt11225626,96%
tt11252248,96%
tt11269026,40%
tt11280542,40%
tt11280878,61%
tt11291274,87%
tt11301946,87%
tt11306234,87%
tt11378676,96%
tt11397180,96%
tt11426572,88%
tt11433000,88%
tt11433822,88%
tt11460816,97%
tt11466222,97%
tt11473980,97%
tt11531182,97%
tt11534504,97%
tt11541872,97%
tt11564570,97%
tt11579056,90%
tt11592014,57%
tt11611064,57%
tt11671006,23%
tt11669538,23%
tt11680472,23%
tt11694374,23%
tt11697210,23%
tt11703050,97%
tt11704144,00%
tt11723646,00%
tt11760690,00%
tt11834118,00%
tt11866682,86%
tt11873440,17%
tt11899856,17%
tt11909878,65%
tt11915062,65%
tt11917930,65%
tt11934846,94%
tt11952606,40%
tt11950988,40%
tt11963006,00%
tt11976532,00%
tt11990924,00%
tt12003946,00%
tt12010446,40%
tt12015752,77%
tt12014258,77%
tt12035738,77%
tt12048234,77%
tt12054842,77%
tt12058412,60%
tt12062432,60%
tt12092838,61%
tt12105324,94%
tt12111220,94%
tt12121582,94%
tt12126628,94%
tt12141112,94%
tt12180812,94%
tt12197580,30%
tt12198068,91%
tt12215252,94%
tt12223738,94%
tt12230756,94%
tt12267750,94%
tt12343928,94%
tt12358208,94%
tt12374388,94%
tt12473774,21%
tt12479584,21%
tt12484724,21%
tt12532368,21%
tt12536396,21%
tt12545566,21%
tt12553046,41%
tt12552646,29%
tt12580324,29%
tt12580380,29%
tt12587326,80%
tt12592274,80%
tt12593682,80%
tt12598462,80%
tt12608438,80%
tt12631654,80%
tt12631784,80%
tt12655436,72%
tt12677778,72%
tt12698684,72%
tt12724072,00%
tt12730580,00%
tt12740760,33%
tt12753684,33%
tt12754776,33%
tt12762488,73%
tt12794638,71%
tt12818328,00%
tt12834962,18%
tt12847680,18%
tt12858434,18%
tt12880092,18%
tt12915842,18%
tt12934920,18%
tt12953548,18%
tt12961818,18%
tt12967696,18%
tt12971802,94%
tt12984994,28%
tt12991676,28%
tt12989690,93%
tt13015324,57%
tt0113092,60%
tt0116391,60%
tt0116628,60%
tt0119273, 8%
tt0120755, 8%
tt0120913,50%
tt0120903,82%
tt0132910,18%
tt0134847,59%
tt0141926,68%
tt0143344,68%
tt0144964,11%
tt0144608,40%
tt0147486,67%
tt0151150,51%
tt0157202,51%
tt0160009,16%
tt0160127,16%
tt0162650,16%
tt0164052,26%
tt0165642,81%
tt0165400,38%
tt0165929,32%
tt0167367,33%
tt0168504,37%
tt0170452,20%
tt0172495,20%
tt0176650,20%
tt0176579, 0%
tt0177971,46%
tt0179183, 0%
tt0179987, 0%
tt0179861,20%
tt0183280,20%
tt0181836,47%
tt0183869,70%
tt0184858,25%
tt0184894,80%
tt0184457,50%
tt0186566,50%
tt0187393,50%
tt0187750,36%
tt0185183,36%
tt0187078,25%
tt0186454, 0%
tt0190374, 9%
tt0190524,16%
tt0190332,98%
tt0192614, 9%
tt0190865,49%
tt0194104,49%
tt0193701,49%
tt0195944,49%
tt0195308,49%
tt0196614,49%
tt0196219,95%
tt0197072, 0%
tt0197951, 0%
tt0197299,81%
tt0197104,81%
tt0199753,14%
tt0199748,14%
tt0202314, 5%
tt0203835,20%
tt0203053,20%
tt0202677,46%
tt0205729,46%
tt0208988,11%
tt0207631,47%
tt0208037,21%
tt0207501,37%
tt0208003,30%
tt0213127,30%
tt0212346,41%
tt0211938,26%
tt0212879,60%
tt0213690,60%
tt0214638,60%
tt0214728,60%
tt0214871,89%
tt0215715,82%
tt0216216,40%
tt0216750,40%
tt0216651,70%
tt0216772,10%
tt0217654, 8%
tt0216926, 8%
tt0218080,26%
tt0219653,17%
tt0218641,17%
tt0218533,56%
tt0219640,12%
tt0221197,18%
tt0220596,38%
tt0222020, 0%
tt0227200,25%
tt0226238,87%
tt0228750,39%
tt0229362,59%
tt0230049,78%
tt0230055,11%
tt0231956,33%
tt0232079,13%
tt0233764,13%
tt0233656,23%
tt0234000,80%
tt0235679,20%
tt0233910,20%
tt0236027,70%
tt0233600,52%
tt0236167,52%
tt0238883,80%
tt0240524,63%
tt0239655,86%
tt0240400,86%
tt0242519,92%
tt0243415,13%
tt0243196,13%
tt0243573,13%
tt0243327,83%
tt0243876,58%
tt0245967,81%
tt0244715,81%
tt0246332,25%
tt0244884,25%
tt0248185,71%
tt0246776,71%
tt0247944,30%
tt0250445,30%
tt0249588,30%
tt0251433,65%
tt0252277,22%
tt0251094,36%
tt0251756,26%
tt0250476,26%
tt0255189,26%
tt0255309,92%
tt0255198,60%
tt0255019,90%
tt0255212,57%
tt0255679,57%
tt0255305,47%
tt0253897,47%
tt0254927,47%
tt0255097,29%
tt0256375,29%
tt0258550,29%
tt0259165,29%
tt0258489,40%
tt0258552,40%
tt0258862,15%
tt0259023,15%
tt0259974,24%
tt0260054,61%
tt0261199, 0%
tt0260991,88%
tt0260948,88%
tt0261125,50%
tt0262529,50%
tt0260758,50%
tt0263101,50%
tt0263256,50%
tt0264778,93%
tt0266308,90%
tt0266048,90%
tt0266408,30%
tt0265647,64%
tt0267622,60%
tt0268255,60%
tt0269043,60%
tt0269217,60%
tt0270933,43%
tt0270880,43%
tt0271641,43%
tt0271701,43%
tt0270271,43%
tt0271003,43%
tt0270989,43%
tt0271748,18%
tt0272822,23%
tt0272010,67%
tt0273161,90%
tt0274625,90%
tt0274541, 4%
tt0273870, 4%
tt0275230,50%
tt0275052,89%
tt0275969,89%
tt0276210,89%
tt0276154,89%
tt0278274,89%
tt0277736,89%
tt0278818,89%
tt0275773,75%
tt0278351,69%
tt0279809,14%
tt0281019,14%
tt0280427,62%
tt0282501,62%
tt0113545,94%
tt0114447,94%
tt0120737,91%
tt0128165,91%
tt0132245,91%
tt0133152,44%
tt0141120,12%
tt0146316,20%
tt0150021,20%
tt0159378,20%
tt0159273,37%
tt0160275,00%
tt0163025,49%
tt0163764,49%
tt0164961,65%
tt0173840,44%
tt0179626,32%
tt0181739,56%
tt0183790,59%
tt0188575, 0%
tt0193364,13%
tt0193560, 2%
tt0196158,18%
tt0195393,18%
tt0194704,96%
tt0199898,96%
tt0201694,50%
tt0206314,50%
tt0207198,50%
tt0209163,46%
tt0211443,19%
tt0214032,19%
tt0213642,19%
tt0213149,19%
tt0212867,35%
tt0215135,27%
tt0215750,54%
tt0215824,56%
tt0217979,00%
tt0218126,12%
tt0218817,24%
tt0218053,65%
tt0219179,65%
tt0219957,11%
tt0220623,11%
tt0223284,11%
tt0225828,71%
tt0227194,43%
tt0227445,73%
tt0227984,25%
tt0228333,23%
tt0228977,23%
tt0227538,93%
tt0230011,93%
tt0230291,93%
tt0232098,12%
tt0231402,11%
tt0232500,54%
tt0233142,54%
tt0237687,70%
tt0237534,70%
tt0239341,70%
tt0238948,12%
tt0238552,27%
tt0239395,53%
tt0242746,17%
tt0242445,33%
tt0243278,50%
tt0244000,13%
tt0243609,62%
tt0243885, 0%
tt0243554,57%
tt0244244,26%
tt0244479,62%
tt0243907,12%
tt0244744,12%
tt0245095,12%
tt0245891,43%
tt0245799,43%
tt0245120, 7%
tt0246500,23%
tt0246438,23%
tt0246544,11%
tt0247419, 5%
tt0247303,20%
tt0248742,25%
tt0250687,45%
tt0250613,20%
tt0249371,00%
tt0250720,23%
tt0249511,23%
tt0251690,23%
tt0253126,20%
tt0253487,78%
tt0249818,78%
tt0250485, 8%
tt0252223, 7%
tt0252503,68%
tt0253335,60%
tt0254334,28%
tt0254703,28%
tt0254252,42%
tt0256531,42%
tt0256341,62%
tt0256155,10%
tt0257231,69%
tt0258038,27%
tt0259386,37%
tt0260136,95%
tt0262462,11%
tt0262828,40%
tt0263746, 4%
tt0263728,10%
tt0264792,10%
tt0263199,10%
tt0265086,77%
tt0265709,50%
tt0266339,40%
tt0266102,80%
tt0265190,12%
tt0264606,12%
tt0265198,63%
tt0264605,63%
tt0265104,32%
tt0267804,13%
tt0265452,13%
tt0265226,13%
tt0265611,85%
tt0267414,29%
tt0267129,63%
tt0267287,83%
tt0266915,51%
tt0267659,13%
tt0267336,22%
tt0267923,22%
tt0266987,64%
tt0268397,74%
tt0268548,74%
tt0269654,74%
tt0271053,74%
tt0271027,52%
tt0271200,13%
tt0270487,80%
tt0272020,52%
tt0272123,52%
tt0272105,52%
tt0271543,30%
tt0272068,30%
tt0272607,30%
tt0271972,12%
tt0271946,25%
tt0273226,56%
tt0273406,56%
tt0275277,68%
tt0275611,38%
tt0276437,85%
tt0275913,32%
tt0276935,81%
tt0277327,81%
tt0275688,25%
tt0277386,25%
tt0279112,25%
tt0278291,51%
tt0279155,51%
tt0279902,51%
tt0280383,57%
tt0281364,43%
tt0281718,87%
tt0283994,68%
tt0282354,62%
tt0282179,16%
tt0282658,62%
tt0280999,62%
tt0280956,40%
tt0284253,20%
tt0282965,50%
tt0283875,66%
tt0284007,66%
tt0284137,66%
tt0284336,58%
tt0284345,58%
tt0282496, 9%
tt0284595,87%
tt0284357,87%
tt0285104,84%
tt0284867,84%
tt0284907,33%
tt0286263,33%
tt0286033,33%
tt0285319,33%
tt0286917,33%
tt0286635,92%
tt0285698,48%
tt0285433,92%
tt0288865,92%
tt0286151,81%
tt0287469,81%
tt0288215,25%
tt0285845,25%
tt0286112,89%
tt0285906,78%
tt0285930,75%
tt0286098,20%
tt0287155,20%
tt0289262,20%
tt0289213,44%
tt0287635,16%
tt0288480,17%
tt0289845,17%
tt0290067,17%
tt0291265,40%
tt0290879,51%
tt0291376,70%
tt0292943,82%
tt0291424,82%
tt0291046,75%
tt0292432,75%
tt0290714,75%
tt0290884,35%
tt0291959,35%
tt0293965,35%
tt0292740,35%
tt0294280,35%
tt0294264,35%
tt0294666,35%
tt0294251,65%
tt0293342,65%
tt0293857,65%
tt0295116,65%
tt0295281,65%
tt0295206,65%
tt0295368,65%
tt0295461,39%
tt0295906,53%
tt0297168,67%
tt0296696,59%
tt0296660,86%
tt0296042,63%
tt0295702,63%
tt0295989,63%
tt0295925,63%
tt0297241,43%
tt0296919,43%
tt0298514,43%
tt0121765,65%
tt0120804,65%
tt0120912,38%
tt0120870,38%
tt0130255,38%
tt0145487,90%
tt0151299,90%
tt0157472,29%
tt0164184,59%
tt0167261,95%
tt0167116,29%
tt0180052, 5%
tt0181689, 5%
tt0187738,57%
tt0190938,67%
tt0207826,00%
tt0210223,50%
tt0212204,50%
tt0221637,50%
tt0220792,86%
tt0225865,86%
tt0231448, 3%
tt0233469,19%
tt0235280,30%
tt0235553,65%
tt0238380,40%
tt0240468,13%
tt0240510,13%
tt0245562,33%
tt0245844,33%
tt0246460,55%
tt0247254,21%
tt0246894, 3%
tt0247911,39%
tt0248640, 0%
tt0250365, 0%
tt0251379, 0%
tt0254775,44%
tt0253556,44%
tt0253754,44%
tt0255443,20%
tt0256824,20%
tt0257510,23%
tt0257206,48%
tt0259484,53%
tt0258463,53%
tt0264429,17%
tt0264333,40%
tt0265944,18%
tt0268695,28%
tt0269755,28%
tt0272036,38%
tt0271367,48%
tt0270379,48%
tt0272147,20%
tt0271451,25%
tt0275072,47%
tt0275947,13%
tt0276816,66%
tt0277434,64%
tt0278035,45%
tt0277944,97%
tt0277744,27%
tt0277296,41%
tt0278295,31%
tt0279469, 0%
tt0279750,20%
tt0279493,78%
tt0280380,17%
tt0281108,82%
tt0280486,10%
tt0281322,49%
tt0280609,81%
tt0280490,40%
tt0282613,40%
tt0280870,20%
tt0282552,29%
tt0280974,29%
tt0281820,77%
tt0282481,77%
tt0282695,52%
tt0282515,67%
tt0280845,00%
tt0283143,67%
tt0283160, 7%
tt0283999,72%
tt0281190,18%
tt0283942,25%
tt0284457,15%
tt0284323,15%
tt0280990,66%
tt0283559,38%
tt0283957,38%
tt0283644,67%
tt0284490,67%
tt0284935,20%
tt0286152,20%
tt0287717,75%
tt0289408,64%
tt0287665,52%
tt0287497,60%
tt0289616,20%
tt0289758,10%
tt0289877,65%
tt0290095,65%
tt0290014,76%
tt0291150,76%
tt0290594,86%
tt0290912,29%
tt0292426,86%
tt0293662,86%
tt0293509,69%
tt0293199,69%
tt0293660,31%
tt0292886,45%
tt0294662,83%
tt0293412,83%
tt0294252,43%
tt0293166,33%
tt0295357,33%
tt0295178,53%
tt0295701,48%
tt0297181,15%
tt0297162, 3%
tt0297213,36%
tt0296574,36%
tt0296712,36%
tt0298296, 0%
tt0299854,48%
tt0299977,94%
tt0299556,48%
tt0301893, 0%
tt0302017,33%
tt0301167,42%
tt0300620,82%
tt0300523,40%
tt0301808,40%
tt0303267,71%
tt0303017,71%
tt0304391,36%
tt0305396,53%
tt0305455,61%
tt0304448,12%
tt0306442,12%
tt0306909,82%
tt0307116,82%
tt0307507,51%
tt0307682,51%
tt0307541,51%
tt0307440,51%
tt0308058,51%
tt0309047,83%
tt0309087,83%
tt0308320,83%
tt0309320,83%
tt0310029,21%
tt0308494,21%
tt0310315,25%
tt0309751,25%
tt0309377,52%
tt0309452,20%
tt0308208,20%
tt0309675,20%
tt0311373,20%
tt0311411,20%
tt0311284, 0%
tt0310065, 0%
tt0309567, 0%
tt0311281,69%
tt0311337,69%
tt0310254,52%
tt0310596,52%
tt0309986,87%
tt0310000,52%
tt0310916,26%
tt0309565,92%
tt0311866,00%
tt0313332,00%
tt0312859,83%
tt0314111,71%
tt0314300,93%
tt0313409,93%
tt0313726,93%
tt0313844,53%
tt0313444,53%
tt0314448,53%
tt0315625,90%
tt0315638,90%
tt0315735,90%
tt0316352,10%
tt0316154,40%
tt0316882,33%
tt0316727,33%
tt0317931,33%
tt0318010,13%
tt0316599,76%
tt0317851,76%
tt0319020,48%
tt0318692,90%
tt0319200,90%
tt0320507,90%
tt0319557,90%
tt0320097,12%
tt0320242, 0%
tt0319512, 0%
tt0320483,23%
tt0320376,89%
tt0319736,85%
tt0320751,75%
tt0321067,36%
tt0320713,36%
tt0322120,36%
tt0322359,36%
tt0322802,36%
tt0322501,36%
tt0324518,00%
tt0326983, 0%
tt0325145,64%
tt0326450,70%
tt0325005,70%
tt0326441,21%
tt0326600,48%
tt0326359,48%
tt0326746,50%
tt0326576,62%
tt0327004,62%
tt0327169,62%
tt0325266,62%
tt0325684,62%
tt0325694,62%
tt0327940,60%
tt0327925,78%
tt0327646,88%
tt0330254,88%
tt0329610,88%
tt0330225,88%
tt0330977,88%
tt0330794,00%
tt0331282,56%
tt0329508,56%
tt0330274,52%
tt0330333,25%
tt0330839,25%
tt0330832,25%
tt0331216,33%
tt0331453,33%
tt0331434,33%
tt0331621,31%
tt0331834,48%
tt0331639,49%
tt0333528,57%
tt0334893,57%
tt0336488,57%
tt0335791,57%
tt0337875,57%
tt0338564,94%
tt0337585,32%
tt0337633,32%
tt0338481,32%
tt0338086,32%
tt0338111,35%
tt0339831,35%
tt0339557,28%
tt0339457,50%
tt0340268,63%
tt0338721,63%
tt0339878,63%
tt0339918,32%
tt0340227,32%
tt0339252,32%
tt0167260,32%
tt0172156,32%
tt0181852,32%
tt0203536,64%
tt0218326,64%
tt0232537,70%
tt0234215,70%
tt0242653,70%
tt0245803,23%
tt0249498,23%
tt0250023,23%
tt0254481,80%
tt0257076,80%
tt0256400,80%
tt0257568, 8%
tt0313724,62%
tt0314353,62%
tt0314121,46%
tt0314006,41%
tt0316356,79%
tt0316665,79%
tt0317740,79%
tt0317676, 3%
tt0318020, 3%
tt0318281, 0%
tt0320691,31%
tt0321997,19%
tt0322259,37%
tt0322651,21%
tt0322807,21%
tt0326769,22%
tt0326208,73%
tt0327409,16%
tt0325703,24%
tt0325710,66%
tt0327115,66%
tt0327116,71%
tt0328500,71%
tt0327850,22%
tt0327754, 0%
tt0329101, 0%
tt0329717,30%
tt0330622,72%
tt0329216,32%
tt0328868,59%
tt0330896,50%
tt0330802,79%
tt0334075,00%
tt0337998,00%
tt0337930,46%
tt0337626,36%
tt0337945,36%
tt0338477,27%
tt0337857,86%
tt0337688,86%
tt0339834,86%
tt0337953,42%
tt0339824,34%
tt0339091,75%
tt0340178,75%
tt0339144,75%
tt0340122,75%
tt0337943,12%
tt0339135,53%
tt0338280,84%
tt0339230,80%
tt0339840,33%
tt0339714,44%
tt0339111,60%
tt0338337,27%
tt0338459,45%
tt0338763,27%
tt0340110,62%
tt0339534,71%
tt0342561,50%
tt0344313,50%
tt0345937,50%
tt0342916,43%
tt0345043,43%
tt0345550,43%
tt0345636,12%
tt0347167,50%
tt0347006,63%
tt0348364,67%
tt0348088,67%
tt0347439,24%
tt0348656,45%
tt0348551,45%
tt0348521,45%
tt0348354,30%
tt0347685,30%
tt0349575,43%
tt0349248,43%
tt0349221,34%
tt0350936,49%
tt0349663, 8%
tt0350934,89%
tt0351795,29%
tt0350948,84%
tt0352217,84%
tt0352376,84%
tt0353848,84%
tt0353014,53%
tt0351887,54%
tt0353962,54%
tt0354538,60%
tt0355650,39%
tt0355580,39%
tt0356764,39%
tt0357247,93%
tt0356614,63%
tt0356867,63%
tt0356577,63%
tt0358474,63%
tt0358613,63%
tt0359225,22%
tt0359005,22%
tt0361037,22%
tt0360921,24%
tt0360821,24%
tt0360651,54%
tt0359564,54%
tt0362204,50%
tt0362417,75%
tt0360219,75%
tt0363226,87%
tt0362820,60%
tt0363079,40%
tt0362548,64%
tt0362893,65%
tt0363427,65%
tt0363833,25%
tt0364621,36%
tt0363211,31%
tt0364569,31%
tt0364727,31%
tt0366291,31%
tt0364447,59%
tt0365443,38%
tt0365510,38%
tt0365609,38%
tt0365514,78%
tt0365385,52%
tt0366276,22%
tt0367136,69%
tt0367640,43%
tt0365200,43%
tt0364990,43%
tt0365800,43%
tt0366720,43%
tt0366526,80%
tt0368331,14%
tt0366178,14%
tt0366703,86%
tt0366874,86%
tt0366880,86%
tt0368376,86%
tt0366630,33%
tt0366840,83%
tt0367602,83%
tt0367657,83%
tt0367960,13%
tt0367878,70%
tt0368811,70%
tt0369060,94%
tt0369621,00%
tt0368909,85%
tt0370402,48%
tt0368855,68%
tt0368896,68%
tt0369221,68%
tt0369795,68%
tt0371313,71%
tt0370459,71%
tt0370039,86%
tt0372163,86%
tt0371775,29%
tt0371937,20%
tt0373219,20%
tt0373088,20%
tt0372937,57%
tt0373283,66%
tt0373727,66%
tt0373400,66%
tt0373764,66%
tt0373970,66%
tt0374124,45%
tt0373856,76%
tt0374273,21%
tt0374330,68%
tt0374345,84%
tt0374526,84%
tt0374184,73%
tt0374271,73%
tt0131597,78%
tt0167456,19%
tt0167190,19%
tt0177882,73%
tt0187279,73%
tt0239235,73%
tt0244746,93%
tt0263939,57%
tt0264410,57%
tt0267379, 0%
tt0270841,35%
tt0285624,71%
tt0287733,57%
tt0290808,57%
tt0296572,57%
tt0297741,96%
tt0297012,96%
tt0305753,00%
tt0306892,48%
tt0308905,40%
tt0316654,40%
tt0316824,46%
tt0317648,46%
tt0316732, 9%
tt0317705,97%
tt0318627,97%
tt0319262,45%
tt0323013,85%
tt0325713,62%
tt0325950,76%
tt0327437,32%
tt0328107,39%
tt0327554,39%
tt0329099,57%
tt0329691,22%
tt0328993,35%
tt0330220,00%
tt0330793,00%
tt0337540,52%
tt0337103,45%
tt0337921,45%
tt0337917,13%
tt0338325,18%
tt0338526,24%
tt0339896,88%
tt0339147,13%
tt0343962,20%
tt0343818,56%
tt0345235,39%
tt0344777,73%
tt0346156,71%
tt0346491,16%
tt0347330,61%
tt0347591,31%
tt0348121,60%
tt0347332,00%
tt0348565,00%
tt0347473,81%
tt0349620,81%
tt0349889,24%
tt0349683,24%
tt0349710,41%
tt0351078, 3%
tt0352699, 0%
tt0353248,14%
tt0351977,26%
tt0354766,26%
tt0353545,31%
tt0354965,31%
tt0358148,51%
tt0356336,26%
tt0357894,33%
tt0358349,13%
tt0359013,24%
tt0360009,65%
tt0361399,25%
tt0362942,14%
tt0362270,57%
tt0363409,46%
tt0363547,76%
tt0363413,76%
tt0364604,49%
tt0365194,49%
tt0364084,49%
tt0364647,49%
tt0365844,49%
tt0365653,29%
tt0367479,18%
tt0367478,43%
tt0367122,43%
tt0367631,42%
tt0368305,42%
tt0366174,26%
tt0366985,36%
tt0368688,42%
tt0369359,37%
tt0368891,46%
tt0368580,29%
tt0370263,29%
tt0369036,29%
tt0369339,29%
tt0369738, 0%
tt0371950, 0%
tt0370778, 0%
tt0371786, 0%
tt0371902,25%
tt0371939,52%
tt0373074,91%
tt0372183,82%
tt0372588,77%
tt0371677,77%
tt0371920, 8%
tt0372594,40%
tt0373690,12%
tt0373786,41%
tt0373906,41%
tt0374312,18%
tt0375571,88%
tt0375040, 0%
tt0374584, 0%
tt0374627, 0%
tt0375560,20%
tt0375698,20%
tt0375912,20%
tt0378194,84%
tt0377340,46%
tt0377079,33%
tt0377062,31%
tt0378957,31%
tt0379790, 0%
tt0379463,79%
tt0380349,47%
tt0379818,46%
tt0380538,53%
tt0381192,53%
tt0382383,77%
tt0382721,86%
tt0383939,86%
tt0385004,87%
tt0386005,87%
tt0385990,93%
tt0386649,65%
tt0386064,80%
tt0386651,98%
tt0387989,98%
tt0388679,98%
tt0390043,98%
tt0388547,21%
tt0389139,35%
tt0389337,35%
tt0390022,82%
tt0390499,66%
tt0390205,66%
tt0390260,65%
tt0390463,65%
tt0390808,00%
tt0389892,31%
tt0391774,52%
tt0390833,52%
tt0391274,38%
tt0392049,38%
tt0392023,38%
tt0392690,56%
tt0392749,27%
tt0393926,27%
tt0397882,30%
tt0396100,30%
tt0396184,30%
tt0396683,00%
tt0397388,00%
tt0396782,33%
tt0396582,33%
tt0396736,33%
tt0397537,32%
tt0397657,73%
tt0398232,43%
tt0398378,17%
tt0398782,17%
tt0399102,17%
tt0400076,17%
tt0400234,90%
tt0399445,86%
tt0400924,86%
tt0399661,86%
tt0400679,86%
tt0400538,86%
tt0400681,86%
tt0400644,86%
tt0401233,86%
tt0401439,86%
tt0401089,50%
tt0401394,76%
tt0402014,76%
tt0401551,76%
tt0402127,33%
tt0401241,33%
tt0402606,33%
tt0402834,68%
tt0402415,73%
tt0402842,54%
tt0403100,54%
tt0404373,71%
tt0404456,71%
tt0403648,71%
tt0403703, 6%
tt0404777,70%
tt0404997,33%
tt0404225,22%
tt0405046,22%
tt0404240,22%
tt0403358,60%
tt0406053,60%
tt0405069,60%
tt0403579,74%
tt0405428,74%
tt0406661,23%
tt0405821,73%
tt0405787,73%
tt0406622,73%
tt0406713, 8%
tt0406942, 8%
tt0407273, 8%
tt0407708,48%
tt0409724,31%
tt0408836,82%
tt0409222,82%
tt0408653,38%
tt0408494,30%
tt0409909,30%
tt0410288,60%
tt0408612,60%
tt0411058,33%
tt0412393,33%
tt0411268, 5%
tt0415080, 5%
tt0415092,17%
tt0415041,17%
tt0414623,17%
tt0414852,80%
tt0414624,50%
tt0415774,50%
tt0414356,22%
tt0415940,17%
tt0416120,40%
tt0414931,79%
tt0416499,85%
tt0416073,85%
tt0415003,32%
tt0416458,32%
tt0416703,76%
tt0417010, 0%
tt0416793, 9%
tt0417106,61%
tt0417229,61%
tt0417072,55%
tt0417202,55%
tt0417678,55%
tt0420175,55%
tt0420324,55%
tt0418587,74%
tt0418598,74%
tt0419736,74%
tt0121766,79%
tt0120667,79%
tt0228906,13%
tt0244306,13%
tt0290747,14%
tt0295590,50%
tt0301265,50%
tt0309578,28%
tt0318649,38%
tt0318081, 6%
tt0320661, 6%
tt0326905,38%
tt0329774,17%
tt0337678,32%
tt0338294,43%
tt0338769,82%
tt0337887,27%
tt0339743,81%
tt0340163,35%
tt0342258,35%
tt0355295,38%
tt0353324, 0%
tt0356910,60%
tt0357277,60%
tt0358294,27%
tt0360486,46%
tt0360717,46%
tt0364616,46%
tt0365847,20%
tt0365686,20%
tt0366711,20%
tt0369258,75%
tt0369226,75%
tt0371310,75%
tt0371675, 9%
tt0372784,85%
tt0373762,88%
tt0373416, 6%
tt0374298,55%
tt0374826,55%
tt0376127,90%
tt0378109,21%
tt0378238,21%
tt0377607,21%
tt0378854,29%
tt0379786,29%
tt0380201,58%
tt0379240,38%
tt0381601,35%
tt0382365,35%
tt0382572,58%
tt0382910,11%
tt0383222, 4%
tt0382992, 4%
tt0385307,15%
tt0385622,28%
tt0385700,50%
tt0386423,60%
tt0386846,22%
tt0386140,28%
tt0388377,40%
tt0388482,52%
tt0388973,41%
tt0389911,71%
tt0389957,11%
tt0391282,29%
tt0393109,80%
tt0395699,21%
tt0396096,28%
tt0396857,17%
tt0397436,67%
tt0398033,38%
tt0398712,59%
tt0399201,59%
tt0399186,59%
tt0400156,59%
tt0399295,59%
tt0399327,12%
tt0399146,12%
tt0402057,50%
tt0402022, 9%
tt0402102,72%
tt0402158,49%
tt0401462,14%
tt0402901,12%
tt0403016, 5%
tt0402910,57%
tt0403537,14%
tt0406375,76%
tt0406941,22%
tt0407214,22%
tt0407304,22%
tt0407297,36%
tt0407761,36%
tt0408306,78%
tt0408852,40%
tt0410648,40%
tt0411805,16%
tt0411168,16%
tt0412498,16%
tt0415864,16%
tt0415768,64%
tt0415678,64%
tt0416688,52%
tt0416712,33%
tt0416775,17%
tt0417397,69%
tt0417976,51%
tt0417844,51%
tt0419706,51%
tt0418458,51%
tt0418763,60%
tt0418873,60%
tt0421974,58%
tt0421054,18%
tt0421983,18%
tt0423515,11%
tt0424774,20%
tt0425743,48%
tt0426459,55%
tt0426073,81%
tt0427954,81%
tt0428897,43%
tt0429078,43%
tt0430105,53%
tt0432090,53%
tt0432267,24%
tt0432047,24%
tt0431776,24%
tt0431641,60%
tt0431418, 0%
tt0433387,48%
tt0434067,29%
tt0433328,29%
tt0435696,46%
tt0435026,46%
tt0434409,73%
tt0435721,73%
tt0436451, 0%
tt0437084, 0%
tt0437887, 0%
tt0438875,40%
tt0439630,33%
tt0439714,31%
tt0440601,31%
tt0439789,31%
tt0439709,20%
tt0441764,20%
tt0441742,20%
tt0444849,59%
tt0444625,59%
tt0444505,55%
tt0446559,55%
tt0446789,55%
tt0446774,55%
tt0443567,67%
tt0444769,44%
tt0446975,91%
tt0444669,23%
tt0443737,23%
tt0444913,54%
tt0444781,43%
tt0446663,50%
tt0447988,50%
tt0447889,22%
tt0447635, 9%
tt0448408, 9%
tt0445554,88%
tt0446313,40%
tt0446701,21%
tt0447929,89%
tt0448225,89%
tt0448020,43%
tt0449869,73%
tt0448253,73%
tt0451208,92%
tt0451954,59%
tt0451146,20%
tt0449951,78%
tt0449062,78%
tt0448805,78%
tt0451631,74%
tt0451097,67%
tt0452704,67%
tt0453190,67%
tt0452668,27%
tt0453492,27%
tt0455879,78%
tt0455930,83%
tt0455415,83%
tt0452274,66%
tt0453357,66%
tt0453396,49%
tt0454298,49%
tt0455195,49%
tt0455823,49%
tt0455767,49%
tt0454481,44%
tt0454199,44%
tt0456627,12%
tt0454510,12%
tt0455309,44%
tt0455116,44%
tt0457007,82%
tt0456999,82%
tt0455640,82%
tt0457074,82%
tt0457133,76%
tt0457391,44%
tt0457470,44%
tt0457182,40%
tt0456912,00%
tt0457585,76%
tt0458346,27%
tt0457875,42%
tt0458350,90%
tt0457643,52%
tt0459744,59%
tt0459523,53%
tt0457475,11%
tt0458343,11%
tt0459505,73%
tt0459554,73%
tt0459133,73%
tt0459478,70%
tt0459543,70%
tt0460836,70%
tt0460400,70%
tt0460452,75%
tt0460496,58%
tt0460592,58%
tt0460857,58%
tt0461120,58%
tt0461892,58%
tt0461576,52%
tt0138992,93%
tt0206634,92%
tt0317919,92%
tt0340084,89%
tt0337609,20%
tt0339382,42%
tt0348150,42%
tt0353357,25%
tt0354131,25%
tt0366180,25%
tt0370032,25%
tt0370893,25%
tt0375154,32%
tt0376994,32%
tt0379264,79%
tt0381061,94%
tt0383060,94%
tt0383574,94%
tt0385988,10%
tt0386741,50%
tt0391788,50%
tt0393567,44%
tt0395539,44%
tt0398029,21%
tt0398913,33%
tt0400944, 0%
tt0401855,17%
tt0401449,17%
tt0403279,10%
tt0402904,26%
tt0404390,41%
tt0403407,36%
tt0405632,36%
tt0406816,37%
tt0408345,19%
tt0409904,63%
tt0409182,63%
tt0415160,15%
tt0415778,22%
tt0416449,61%
tt0415345,11%
tt0416496,56%
tt0416316,61%
tt0416871,47%
tt0417148,69%
tt0419073,57%
tt0420265,57%
tt0418689,57%
tt0419946,17%
tt0421156,14%
tt0421143,33%
tt0425087,35%
tt0426501,46%
tt0427343,46%
tt0427848,33%
tt0430357,47%
tt0432637,88%
tt0435517,88%
tt0437179, 9%
tt0437182,53%
tt0437459,74%
tt0437977,74%
tt0438053,74%
tt0439615,11%
tt0439662,00%
tt0439654,59%
tt0441035,24%
tt0441048,93%
tt0444628,47%
tt0443771,69%
tt0442781,69%
tt0445609,51%
tt0444182,83%
tt0443629, 0%
tt0447200, 0%
tt0443632, 0%
tt0446771, 0%
tt0445946, 0%
tt0446059, 0%
tt0447999,36%
tt0449010,16%
tt0451134,29%
tt0450232,55%
tt0452597,16%
tt0455362,27%
tt0455829,27%
tt0454824,27%
tt0453467,27%
tt0456413,59%
tt0455991,40%
tt0456020,28%
tt0454396,30%
tt0454602,27%
tt0456980,64%
tt0455933,50%
tt0457495,36%
tt0457342,18%
tt0457418,18%
tt0457290,12%
tt0458509,12%
tt0459272,50%
tt0458349,32%
tt0459516,90%
tt0459967,90%
tt0460012,90%
tt0460843,90%
tt0460838,90%
tt0460484,50%
tt0460703,20%
tt0461200,66%
tt0461323,38%
tt0461703,13%
tt0461936,13%
tt0462667,41%
tt0462190,41%
tt0464913,76%
tt0465676,42%
tt0465670,33%
tt0463985,33%
tt0465440,52%
tt0473024, 2%
tt0473365,31%
tt0473609,35%
tt0471862,64%
tt0472043,65%
tt0473371,65%
tt0475394,31%
tt0475378,31%
tt0475276,90%
tt0473444,66%
tt0475306,66%
tt0477337,66%
tt0476888,36%
tt0475944,36%
tt0477327,36%
tt0477349,36%
tt0476582,21%
tt0476861,60%
tt0479046,78%
tt0479219,21%
tt0479143,78%
tt0479874,43%
tt0479884,62%
tt0481544,26%
tt0479647,80%
tt0479537,57%
tt0481390,71%
tt0481509,71%
tt0480854,42%
tt0482930,64%
tt0483559,64%
tt0483977,12%
tt0484195,75%
tt0484964,75%
tt0485552,60%
tt0486569,17%
tt0485920,17%
tt0485976,70%
tt0485922,70%
tt0485861,70%
tt0486739,70%
tt0485863,72%
tt0487156,22%
tt0488164, 6%
tt0488121,67%
tt0488906,60%
tt0489745,60%
tt0488414,90%
tt0488584,90%
tt0488962,33%
tt0490172,33%
tt0491775,33%
tt0493409,23%
tt0493465,00%
tt0495044,31%
tt0495034,74%
tt0495032,83%
tt0493452,87%
tt0493264,75%
tt0493430,75%
tt0493389,57%
tt0494744,57%
tt0496318,57%
tt0495747,10%
tt0497539,10%
tt0498380,91%
tt0498397,27%
tt0496276,27%
tt0498536,27%
tt0499238,41%
tt0499464,41%
tt0499518,85%
tt0757223,85%
tt0757210,85%
tt0756204,19%
tt0757215,80%
tt0757353,60%
tt0757378,60%
tt0756715,60%
tt0758763,60%
tt0758743,40%
tt0259324,40%
tt0293564,40%
tt0330972,40%
tt0337978,82%
tt0357545,46%
tt0372873,46%
tt0373889,46%
tt0381849,89%
tt0385683,89%
tt0389722,89%
tt0389328,33%
tt0397907,81%
tt0413300,81%
tt0416044,81%
tt0417875,81%
tt0418279,81%
tt0425112,81%
tt0431197,81%
tt0432021,81%
tt0433438,81%
tt0435705,81%
tt0438052,23%
tt0440963,23%
tt0442933,23%
tt0446013,23%
tt0443473,23%
tt0449088,23%
tt0451039,89%
tt0450293,18%
tt0453556,18%
tt0455326,18%
tt0457319,88%
tt0457748,10%
tt0458050,93%
tt0459605,75%
tt0459759,10%
tt0459924,10%
tt0460780, 4%
tt0462611,18%
tt0462322,84%
tt0462229, 4%
tt0462540, 4%
tt0462396,15%
tt0465234,36%
tt0465602,67%
tt0465494,16%
tt0464118,67%
tt0466449,67%
tt0467110,14%
tt0471359,27%
tt0471043,27%
tt0473310, 9%
tt0473188,42%
tt0475228,32%
tt0476964,43%
tt0476762,33%
tt0476995,37%
tt0476819,27%
tt0476695,27%
tt0477138,27%
tt0479181,54%
tt0478737, 5%
tt0479751,82%
tt0479528,82%
tt0480249,68%
tt0479948,11%
tt0480751,11%
tt0479880, 0%
tt0482456,50%
tt0482961,50%
tt0483817,56%
tt0483789,96%
tt0484207,17%
tt0485146,17%
tt0486576,38%
tt0486640, 9%
tt0486946,14%
tt0488818,14%
tt0489325,45%
tt0490081,11%
tt0490086,11%
tt0490114, 7%
tt0491161,39%
tt0493118,27%
tt0494206, 9%
tt0493417,45%
tt0496342,45%
tt0496412,45%
tt0496247,20%
tt0496385,51%
tt0498399,51%
tt0499556,13%
tt0499261,13%
tt0758762,14%
tt0758771,21%
tt0758730,12%
tt0757858,93%
tt0758732,85%
tt0768203,65%
tt0768212,55%
tt0770722,87%
tt0772762,87%
tt0772193,21%
tt0775536,31%
tt0780503,65%
tt0780595, 0%
tt0780644,16%
tt0780622,80%
tt0783511,68%
tt0782154,68%
tt0783598,39%
tt0787515, 6%
tt0790602, 6%
tt0790665,24%
tt0796355,39%
tt0799951,28%
tt0800003, 5%
tt0804461, 5%
tt0804540,42%
tt0808288,42%
tt0810779,42%
tt0811066,66%
tt0814381, 9%
tt0816436,80%
tt0814795,80%
tt0816539,61%
tt0816657,95%
tt0820118,95%
tt0822854,95%
tt0826542,95%
tt0826606,95%
tt0828158,85%
tt0829194,14%
tt0833886,00%
tt0837106,61%
tt0843335,69%
tt0840296,69%
tt0844489,60%
tt0845448,60%
tt0844892,60%
tt0845529,80%
tt0845046,74%
tt0847750,58%
tt0848552,34%
tt0850253,34%
tt0854151,27%
tt0853012,27%
tt0854667, 9%
tt0857177,14%
tt0858433,13%
tt0858486,49%
tt0857376,40%
tt0860528,37%
tt0859760,66%
tt0861733,66%
tt0861739,51%
tt0864779,51%
tt0867205,14%
tt0867332,14%
tt0870209,14%
tt0872190,20%
tt0871869,20%
tt0881200,87%
tt0884805,87%
tt0886505, 9%
tt0887793, 9%
tt0890886,19%
tt0893380,31%
tt0897287,31%
tt0896817,31%
tt0897374,33%
tt0897411,36%
tt0901488,72%
tt0901507,17%
tt0902313,20%
tt0905366,00%
tt0906745,93%
tt0906671,93%
tt0906665,56%
tt0910868,13%
tt0913401,33%
tt0915739,33%
tt0913968,63%
tt0920457,69%
tt0918645, 3%
tt0922428,20%
tt0924229,20%
tt0924249,40%
tt0924317,94%
tt0923811,71%
tt0924213,77%
tt0924262,77%
tt0924252,77%
tt0925306,77%
tt0923985,71%
tt0926174,66%
tt0926110,27%
tt0929236,87%
tt0930856,72%
tt0933008,74%
tt0934949,45%
tt0357668,50%
tt0364970, 7%
tt0365675,17%
tt0367882,17%
tt0371746,94%
tt0373051,60%
tt0400426,12%
tt0411477,86%
tt0411475,10%
tt0411272,68%
tt0416236,81%
tt0421073,38%
tt0425637,90%
tt0426592,16%
tt0425061,16%
tt0427355,17%
tt0431842,17%
tt0441773,87%
tt0443274,87%
tt0443649, 9%
tt0443559,38%
tt0447166,80%
tt0448157,42%
tt0449994,79%
tt0450314,79%
tt0452608,41%
tt0452645,30%
tt0454941,66%
tt0454402,66%
tt0456978,64%
tt0462401,71%
tt0462465,71%
tt0462499,38%
tt0467197,16%
tt0468569,94%
tt0467017, 0%
tt0469925, 0%
tt0477812, 0%
tt0478268, 0%
tt0479651,58%
tt0481494,33%
tt0483607,33%
tt0485782,81%
tt0489099,15%
tt0490210,43%
tt0489048,43%
tt0490170,23%
tt0490181,17%
tt0493464,17%
tt0494249,11%
tt0492881,25%
tt0499448,66%
tt0756707,52%
tt0758774,55%
tt0762137,27%
tt0765432,85%
tt0770752,11%
tt0780500,47%
tt0783532,77%
tt0783538,44%
tt0785035,49%
tt0790810,49%
tt0790786,33%
tt0795362,33%
tt0800080,33%
tt0800308,76%
tt0808339,50%
tt0811080,50%
tt0814022, 9%
tt0815096, 9%
tt0817538,27%
tt0818226,45%
tt0822802,45%
tt0827181,83%
tt0826523,50%
tt1077074,78%
tt1081942,78%
tt1082064,78%
tt1082881,78%
tt1084697,78%
tt1087472,78%
tt1087833,78%
tt1087474,78%
tt1091202,78%
tt1091987,78%
tt1091989,78%
tt1092278,78%
tt10933106,78%
tt1095423,78%
tt10963922,78%
tt1097011,78%
tt10983382,78%
tt1105741,78%
tt1105742,78%
tt1105727,78%
tt1114725,78%
tt1117379,78%
tt0205380,78%
tt0312958,78%
tt0346631,78%
tt0365929,78%
tt0373340,78%
tt0375568,51%
tt0409459,65%
tt0417741,84%
tt0421237,84%
tt0433362,69%
tt0435716,69%
tt0436339,22%
tt0438894,22%
tt0438488,22%
tt0447160,22%
tt0450336,22%
tt0448011,35%
tt0450405,35%
tt0457355,35%
tt0457400,26%
tt0458525,38%
tt0465580,38%
tt0471041,38%
tt0472033,57%
tt0480451,57%
tt0484474,57%
tt0492890,57%
tt0499549,82%
tt0765010,64%
tt0796366,64%
tt0806203,64%
tt0806027,64%
tt0804539,64%
tt0808151,64%
tt0810821,64%
tt0810089,64%
tt0825231,64%
tt0834001,29%
tt0838232,29%
tt0841103,29%
tt0851515,29%
tt0860837,29%
tt0860906,29%
tt0862467,29%
tt0872253,29%
tt0887769,29%
tt0891592,29%
tt0892082,29%
tt0892392,29%
tt0892782,29%
tt0913354,29%
tt0918541,29%
tt0963178,29%
tt0965375,29%
tt0970452,29%
tt0972759,29%
tt0975699,29%
tt0977658,29%
tt0986263,29%
tt0990359,29%
tt0988045,29%
tt0997038,29%
tt1003034,29%
tt1009019,29%
tt1010055,29%
tt1013752,29%
tt1020543,29%
tt1020885,29%
tt10217800,29%
tt10342384,29%
tt1034032,29%
tt1037154,29%
tt1042916,29%
tt1043844,29%
tt1046173,29%
tt1054122,29%
tt1053857,29%
tt1055369,20%
tt1059316,20%
tt1069264,20%
tt1071804,20%
tt10732856,20%
tt1075417,20%
tt1075419,20%
tt10778776,20%
tt1078882,20%
tt1079372,20%
tt1081964,20%
tt1082601,20%
tt1084972,20%
tt1085382,20%
tt1090646,20%
tt1091229,20%
tt1097013,20%
tt1098327,20%
tt1103256,20%
tt1105709,20%
tt1107395,20%
tt1109478,20%
tt1111422,20%
tt11114954,97%
tt1111918,97%
tt1112782,97%
tt1114740,97%
tt11193828,97%
tt1121931,97%
tt1124039,97%
tt1125300,97%
tt1130993,97%
tt1130983,97%
tt1133995,97%
tt1135089,97%
tt1136608,90%
tt1144804,90%
tt1144884,27%
tt1144825,27%
tt1144797,27%
tt1147687,27%
tt1149361,27%
tt1152401,27%
tt1152836,68%
tt1153040,68%
tt1153535,60%
tt1153706,60%
tt1156188,60%
tt1156398,60%
tt1156512,60%
tt1156479,60%
tt11576584,60%
tt11591516,60%
tt1159634,60%
tt1160368,60%
tt1161064,60%
tt1161449,60%
tt1161450,60%
tt1161861,60%
tt1167599,60%
tt1167660,60%
tt1171701,60%
tt1172230,60%
tt1173946,60%
tt1173941,60%
tt1176252,60%
tt1176416,60%
tt1176911,60%
tt1182609,60%
tt1182921,60%
tt1183276,60%
tt1185442,60%
tt1186371,60%
tt1186367,60%
tt1188695,60%
tt1188729,30%
tt1190080,30%
tt1190536,30%
tt1190910,30%
tt1191971,30%
tt1194624,30%
tt1198153,30%
tt1197624,30%
tt1198189,30%
tt1198396,30%
tt11992674,30%
tt1199472,30%
tt1201557,30%
tt1201649,30%
tt1202222,30%
tt1205071,30%
tt1206086,30%
tt12068850,30%
tt1206881,30%
tt1208729,30%
tt1210042,30%
tt12106916,30%
tt12106978,30%
tt1210801,30%
tt1212974,30%
tt1216487,30%
tt12182436,30%
tt0411951,30%
tt0423474,30%
tt0429493,30%
tt0439801,30%
tt0446029,30%
tt0465637,30%
tt0464032,30%
tt0464162,30%
tt0473075,30%
tt0477080,87%
tt0480255,48%
tt0800320,48%
tt0810815,48%
tt0846004,48%
tt0861747,48%
tt0892769,48%
tt0903012,48%
tt0903036,48%
tt0914823,48%
tt0923653,48%
tt0934981,48%
tt0938283, 5%
tt0944835,62%
tt0947810,62%
tt0955308,62%
tt0960827,62%
tt0963966,62%
tt0964517,62%
tt0969653,62%
tt0973809,62%
tt0975738,62%
tt0977639,68%
tt0985694,70%
tt0994917,70%
tt10010312,70%
tt1001526,73%
tt10028634,73%
tt10061904,73%
tt10087304,80%
tt1013743,52%
tt1013860,52%
tt1020011,52%
tt1020558,52%
tt1027683,52%
tt1032751,52%
tt1037705,52%
tt1038686,20%
tt1038685,20%
tt1038919,20%
tt10394606,67%
tt10392698,67%
tt1041804,67%
tt1053424,67%
tt10588452,67%
tt10622122,67%
tt1063327,67%
tt10751652,67%
tt1075642,67%
tt1075747,67%
tt10761796,26%
tt1078597,26%
tt1078583,26%
tt1080019,26%
tt1082075,26%
tt1082577,26%
tt1084717,26%
tt1090753,26%
tt10919396,26%
tt10926954,26%
tt10931336,26%
tt1093906,26%
tt1286146,82%
tt1103153,82%
tt1104001,82%
tt1107855,82%
tt1114731,82%
tt1116184,82%
tt1123373,82%
tt11261778,82%
tt11274532,82%
tt1129437,82%
tt1130969,82%
tt1135084,82%
tt1135083,82%
tt11361770,82%
tt1136688,82%
tt1138442,82%
tt1155076,66%
tt1167638,46%
tt11754144,46%
tt11755644,46%
tt11758794,46%
tt1179034,46%
tt1179025,46%
tt11791860,46%
tt1181791,46%
tt1181795,46%
tt11823092,46%
tt1183489,46%
tt1185412,46%
tt1186365,46%
tt1188482,46%
tt1189006,46%
tt1193473,46%
tt1194424,46%
tt11947600,46%
tt1198101,46%
tt11992716,46%
tt1201661,46%
tt1202232,46%
tt12048150,13%
tt12078328,13%
tt1212442,13%
tt1213590,43%
tt12177426,43%
tt1217301,43%
tt1219342,43%
tt1220634,21%
tt1221867,21%
tt1225302,21%
tt1226273,21%
tt12282568,21%
tt1228705,72%
tt1229236,72%
tt1230120,72%
tt1230385,72%
tt1235189,72%
tt12356974,72%
tt1237373,72%
tt1242787,72%
tt1243957,72%
tt1245526,72%
tt1247681,72%
tt1247400,72%
tt1248300,72%
tt1250777,72%
tt1258783,72%
tt1258998,72%
tt1261862,72%
tt1262983,72%
tt1268970,72%
tt1268987,72%
tt1270835,72%
tt12717330,46%
tt1272018,46%
tt12730876,98%
tt1273678,98%
tt1274272,98%
tt12775128,98%
tt12788652,98%
tt1279105,98%
tt12798342,98%
tt12798398,98%
tt1280009,98%
tt1283546,98%
tt1283930,98%
tt1284025,98%
tt12845920,98%
tt1285245,98%
tt1286746,98%
tt1287468,98%
tt1288587,98%
tt1289397,98%
tt1291652,98%
tt1292642,98%
tt12937564,98%
tt1294141,98%
tt1303680,98%
tt1305039,98%
tt1305797,98%
tt1307873,98%
tt1307861,98%
tt1309561,98%
tt1315963,98%
tt13183950,98%
tt13190330,98%
tt1319718,98%
tt1320296,98%
tt1320253,42%
tt1322302,42%
tt0372538,42%
tt0409847,42%
tt0433035,42%
tt0458339,42%
tt0469158,42%
tt0472399,42%
tt0471042,42%
tt0479997,42%
tt0490847,42%
tt0780645,42%
tt0780504,93%
tt0800369,93%
tt0805617,93%
tt0816462,93%
tt0822847,15%
tt0847180,15%
tt0873886,15%
tt0881320,15%
tt0893412,15%
tt0929742,15%
tt0945513,15%
tt0978764,15%
tt0983193,15%
tt0990407,15%
tt0993842,15%
tt0997232,15%
tt0999913,42%
tt10054276,42%
tt10084410,42%
tt10092776,42%
tt10217352,42%
tt10217870,68%
tt10230054,68%
tt1034389,68%
tt1045673,68%
tt10529478,68%
tt10539332,68%
tt10538620,68%
tt10550608,68%
tt10587942,68%
tt1059887,68%
tt1071875,68%
tt10738498,68%
tt10782102,92%
tt1093357,92%
tt10943672,92%
tt10979656,92%
tt11069034,92%
tt11334800,92%
tt1133985,25%
tt1134669,25%
tt1153546,25%
tt11566382,25%
tt11618200,25%
tt11637514,25%
tt11646444,25%
tt11714842,25%
tt11787018,25%
tt1192628,88%
tt11936324,88%
tt12009056,88%
tt12026620,88%
tt12032386,88%
tt12032348,88%
tt1214962,28%
tt12170490,28%
tt1217613,28%
tt1220217,28%
tt1229238,28%
tt1233259,28%
tt1233301,28%
tt12337574,28%
tt1240540,47%
tt1242599,47%
tt1242521,47%
tt1253864,49%
tt12580488,49%
tt1260680,49%
tt1262415,49%
tt1265295,49%
tt0790724,63%
tt0829176,63%
tt0848228,91%
tt0857190,91%
tt0860907,65%
tt0948470,65%
tt0995845,10%
tt10075836,10%
tt10075788,10%
tt10121250,10%
tt10222946,10%
tt10275302,10%
tt10282584,10%
tt10279264,10%
tt10319512,10%
tt10334178,10%
tt1034314,10%
tt10392672,10%
tt10403894,10%
tt10410056,10%
tt10420886,10%
tt1059836,10%
tt10675046,10%
tt10686860,10%
tt1071809,10%
tt1074638,10%
tt10767694,10%
tt1079360,10%
tt11024496,10%
tt11199348,10%
tt1121986,10%
tt11295112,10%
tt11296524,10%
tt11296530,70%
tt11296572,70%
tt11389566,70%
tt11405718,67%
tt1144548,67%
tt11455286,67%
tt11458310,40%
tt11470612,40%
tt11581392,40%
tt11626680,40%
tt11845440,40%
tt11855912,40%
tt11893862,40%
tt11922878,40%
tt11941418,40%
tt1194173,56%
tt12114288,56%
tt12298168,56%
tt1232829,56%
tt1234719,15%
tt12346516,15%
tt1234926,15%
tt12354976,15%
tt12381540,15%
tt1242715,15%
tt12433486,15%
tt12453344,15%
tt1247392,15%
tt1258972,15%
tt12589960,15%
tt12611984,89%
tt12622456,89%
tt12623724,89%
tt12731590,67%
tt12737858,67%
tt1274596,67%
tt12747740,67%
tt1276104,93%
tt1277403,93%
tt0469021,93%
tt0479700,93%
tt0496375,17%
tt0770828,56%
tt0790736,12%
tt0816711,12%
tt0817545,50%
tt0848537,65%
tt0882977,65%
tt0963948,65%
tt0996958,65%
tt10087030,65%
tt10129116,65%
tt10158628,65%
tt10188358,65%
tt10203762,65%
tt10228552,65%
tt10257502,65%
tt10288076,72%
tt1029231,72%
tt10420708,72%
tt10420508,72%
tt10427524,72%
tt10441648,72%
tt10529422,72%
tt10568370,72%
tt10568558,72%
tt10573966,72%
tt10621686,72%
tt10655892,72%
tt10658772,72%
tt1067773,72%
tt10782052,72%
tt10795594,72%
tt10805912,72%
tt10811804,72%
tt10845958,72%
tt10899988,72%
tt1091191,72%
tt10931188,63%
tt10933090,63%
tt11010964,63%
tt11179880,63%
tt11209436,63%
tt11245742,63%
tt11372090,63%
tt11423922,63%
tt11428282,63%
tt11447774,88%
tt0338258,88%
tt0365907,88%
tt0403935,88%
tt0455944,61%
tt0458481,61%
tt0485535,61%
tt0772175,61%
tt0829150,61%
tt0831387,76%
tt0835775,76%
tt0862748,76%
tt10037642,76%
tt10120820,76%
tt10137664,76%
tt10182550,76%
tt10186876,39%
tt10391920,39%
tt10417622,39%
tt10427506,39%
tt10431116,39%
tt1043726, 5%
tt10438616, 5%
tt10450812,84%
tt10526714,84%
tt10613286,85%
tt1085492,85%
tt3564806,85%
tt0369610,85%
tt0478970,85%
tt10004934,85%
tt10054954,85%
tt10080132,85%
tt10080156,85%
tt10080114,85%
tt10085492,85%
tt10118134,85%
tt10168674,85%
tt10188570,85%
tt10217308,85%
tt10234208,85%
tt10270254,85%
tt10270232,85%
tt10284978,85%
tt0315642,85%
tt0364201,85%
tt0775440,85%
tt0803096,29%
tt0825283,37%
tt0918940,35%
tt10022870,35%
tt10043828,35%
tt10067210,35%
tt10079660,35%
tt10091376,35%
tt10104138,35%
tt10102292,35%
tt10121012,35%
tt10139018,35%
tt10204230,35%
tt10219512,35%
tt10218440,35%
tt10222594,35%
tt10230276,35%
tt10268538,35%
tt10288116,35%
tt10329546,35%
tt10344974,35%
tt10353562,35%
tt10401346,35%
tt10413708,35%
tt10417584,35%
tt10417656,35%
tt10417644,35%
tt10427490,35%
tt10438324,35%
tt10438336,35%
tt10451178,35%
tt10457400,35%
tt10461340,35%
tt0451279,93%
tt0493405,93%
tt0974015,93%
tt10010820,93%
tt10015186,93%
tt10028030,93%
tt10042774,93%
tt10061574,93%
tt10068922,93%
tt10074884,54%
tt10085248,17%
tt10106144,42%
tt10106644,42%
tt10110808,42%
tt10133528,42%
tt10156108,42%
tt10162544,00%
tt10178356,00%
tt10183684,00%
tt10203032,00%
tt10202644,00%
tt10215332,00%
tt10215360,00%
tt10218974,00%
tt1024855,00%
tt10269876,00%
tt10302896,00%
tt10303840,00%
tt10307720,00%
tt10305124,00%
tt10003376,00%
tt10018116,00%
tt10028626,00%
tt10034400,00%
tt10045014,00%
tt10044618,00%
tt10049026,00%
tt10054256,00%
tt10069082,00%
tt10079698,00%
tt10081380,00%
tt10084676,00%
tt10094364,00%
tt10106154,00%
tt10110768,00%
tt10125346,00%
tt10132634,00%
tt10132594,21%
tt10129872,85%
tt10140580,85%
tt10151488,85%
tt10160594,85%
tt10162686,85%
tt10166782,85%
tt10162868,85%
tt10171174,85%
tt10183604,00%
tt10185098,37%
tt10196484,37%
tt10198838,37%
tt10206982,37%
tt10217994,37%
tt10234274,37%
tt10241492,37%
tt10254166,37%
tt10256084,37%
tt10272924,71%
tt10304250,71%
tt10305448,96%
tt10321862,96%
tt10322734,00%
tt10322670,00%
tt10328782,00%
tt10334428, 4%
tt10348682,88%
tt10351002,55%
tt10353736,00%
tt10359848,67%
tt10365674,67%
tt10384130,67%
tt10399974,00%
tt10402648,67%
tt10415526,29%
tt10427430,72%
tt10452996,00%
tt0437086,62%
tt0441881,62%
tt0448115,90%
tt10004182,90%
tt10004944,90%
tt10008602,90%
tt10008304,90%
tt10010172,90%
tt10011102,90%
tt10015432,90%
tt10017680,90%
tt10022974,90%
tt10021692,90%
tt10028422,90%
tt10032774,93%
tt10038028,93%
tt10037312,93%
tt10039400,93%
tt10042002,93%
tt10041958,93%
tt10041480,93%
tt10042036,93%
tt10043054,93%
tt10044126,93%
tt10046300,93%
tt10044160,91%
tt10052928,91%
tt10050738,91%
tt10050984,91%
tt10053818,27%
tt10060386,27%
tt10062188,27%
tt10064270,27%
tt10069974,27%
tt10070730,27%
tt10073438,27%
tt10076722,27%
tt10075374,27%
tt10075086,27%
tt10080934,27%
tt0849437,27%
tt0926132,27%
tt0983946,27%
tt10011184,27%
tt10011228,27%
tt10022990,27%
tt10044182,27%
tt10054454,27%
tt10059518,27%
tt10082520,27%
tt10092752,27%
tt10096204,27%
tt10096114,27%
tt10097484,27%
tt10097958,27%
tt10101588,27%
tt10126136,27%
tt10127684,27%
tt10127708,27%
tt10130926,27%
tt10145036,27%
tt10148118,27%
tt10147568,27%
tt10149080,27%
tt10151796,27%
tt10152746,27%
tt10155378,27%
tt10156658,91%
tt10176540,91%
tt10200522,91%
tt10225726,91%
tt10230422,91%
tt10239898,91%
tt10275080,91%
tt10280276,91%
tt10300704,91%
tt10300286,91%
tt10303324,91%
tt10308500,91%
tt10307440,91%
tt10308928,91%
tt10309086,91%
tt10310140,91%
tt10313256,91%
tt10314450,91%
tt10319486,91%
tt10324274,91%
tt10322276,91%
tt10324122,91%
tt10345590,91%
tt10346388,91%
tt10350922,91%
tt10350626,91%
tt10359014,91%
tt10367202,91%
tt10370456,91%
tt10381134,91%
tt10387682,91%
tt10398746,90%
tt10398376,90%
tt10402532,90%
tt10404944,90%
tt10415510,90%
tt10417488,90%
tt10419566,90%
tt10432094,90%
tt10426006,90%
tt10436902,90%
tt10449052,90%
tt10452082,94%
tt10457702,87%
tt10456740,87%
tt10461130,87%
tt10463692,87%
tt10466348,87%
tt10467642,45%
tt10477482,45%
tt10487352,45%
tt10489608,45%
tt10508838,63%
tt10516176,63%
tt10520114,63%
tt10530090,63%
tt10533822,63%
tt10535026,63%
tt10538822,67%
tt10540242,67%
tt10540386,67%
tt10542186,67%
tt10551180,67%
tt10553722,67%
tt10558706,67%
tt10580094,67%
tt10589360,67%
tt10590530,67%
tt10594792,67%
tt10597554,67%
tt10598380,67%
tt10600398,67%
tt10607806,67%
tt10619672,92%
tt10620868,92%
tt10628134,92%
tt10626796,59%
tt10640792,59%
tt10643474,59%
tt10644282,59%
tt10648192,59%
tt10660768,60%
tt10663470,60%
tt10680106,95%
tt10681516,95%
tt10681856,95%
tt10682062,95%
tt10687646,95%
tt10697462,17%
tt10701926,17%
tt10708124,17%
tt10726286,17%
tt10725448,83%
tt10728896,83%
tt10731100,83%
tt10743282,83%
tt10750020,83%
tt10751528,83%
tt10758146,15%
tt10763494,15%
tt10766442,15%
tt10773090,15%
tt10772334,15%
tt10778264,15%
tt10778364,15%
tt10804214,15%
tt10804094,15%
tt10810408,15%
tt10810522,15%
tt10810810,15%
tt10826534,15%
tt10833594,15%
tt10840884,15%
tt10841384,49%
tt10850450,49%
tt10888708,67%
tt10905460,67%
tt10908210,67%
tt10908226,37%
tt10908892,37%
tt10916120,37%
tt10923534,37%
tt10919858,37%
tt10926356,37%
tt10931146,37%
tt10930816,37%
tt10933680,37%
tt10934774,37%
tt10937188,37%
tt10936240,37%
tt10944486,37%
tt10948718,37%
tt10953456,37%
tt10955374,37%
tt10968850,37%
tt10968008,37%
tt10966832,37%
tt10972026,37%
tt10978650,37%
tt0293429,55%
tt0499097,55%
tt0818543,55%
tt0870154,63%
tt0993840,67%
tt10044610,97%
tt10050150,97%
tt10055546,97%
tt10062556,97%
tt10075650,97%
tt10077034,97%
tt10121392,97%
tt10156586,97%
tt10168094,97%
tt10204148,67%
tt10215434,67%
tt10223850,67%
tt10228134,67%
tt10229260,67%
tt10230994,47%
tt10275878,47%
tt10284468,47%
tt10295212,47%
tt10300450,47%
tt10308068,47%
tt10318096,47%
tt10327252,49%
tt10332588,49%
tt10342336,49%
tt10342228,49%
tt10353874,49%
tt10358782,49%
tt10363028,49%
tt10370822,49%
tt10375916,49%
tt10375264,89%
tt10403714,89%
tt10415600,73%
tt10415472,73%
tt10418662,73%
tt10423286,73%
tt10448662,73%
tt10451914,73%
tt10461442,73%
tt10473008,73%
tt10483386,73%
tt10488710,73%
tt10515864,73%
tt10516196,73%
tt10521476,73%
tt10545940,73%
tt10568496,73%
tt10579952,73%
tt10612048,73%
tt10621250,73%
tt10627930,73%
tt10635042,73%
tt10645874,73%
tt10645852,73%
tt10661848,73%
tt10661710,73%
tt10674758,73%
tt10681374,73%
tt10696784,88%
tt10712788,88%
tt10715446,88%
tt10719606,88%
tt10731768,24%
tt10730350,24%
tt10739666,24%
tt10741542,24%
tt10749934,24%
tt10761694,24%
tt10763820,38%
tt10766468,38%
tt10782740,93%
tt10798824,93%
tt10801400,93%
tt10805906,93%
tt10820008,93%
tt10832098,93%
tt10838180,93%
tt10872600,93%
tt10883302,23%
tt10888824,23%
tt10888594,23%
tt10893170,23%
tt10901806,23%
tt10915840,23%
tt10919240,23%
tt10938042,23%
tt10937496,23%
tt10934920,23%
tt10939474,23%
tt10953584,23%
tt10957044, 9%
tt10968160,59%
tt10974674,59%
tt10996512,19%
tt11006566,19%
tt11012066,19%
tt11045422,19%
tt11083442,19%
tt11083552,19%
tt11100486, 9%
tt11100914, 9%
tt11115882, 9%
tt11117240, 9%
tt11137438, 9%
tt11141316, 9%
tt11143176, 9%
tt11162178, 9%
tt11166548, 9%
tt11166554, 9%
tt11182846, 9%
tt11182984, 9%
tt11193156, 9%
tt11191344, 9%
tt11203296, 9%
tt11216522, 9%
tt11217036, 9%
tt11236294,85%
tt11242718,85%
tt11246434,85%
tt11253090,85%
tt11252490,85%
tt11260832,85%
tt11267076,85%
tt11273058,85%
tt11272796,85%
tt11284502,85%
tt11297214,85%
tt11302120,85%
tt11306926,85%
tt11306518,85%
tt11306352,85%
tt11319636,85%
tt11347406,85%
tt11350284,85%
tt11359134,85%
tt11364772,85%
tt11372880,85%
tt11374902,85%
tt11377298,88%
tt11388416,88%
tt11385078,88%
tt11405396,24%
tt11410178,24%
tt11421000,90%
tt11442782,90%
tt11443276,90%
tt11459450,90%
tt11466538,90%
tt11474916,90%
tt11469726,90%
tt11482948,90%
tt11492920,90%
tt11502940,90%
tt11503178,90%
tt11518370,96%
tt11535228,96%
tt11536594,96%
tt11554404,96%
tt11559556,96%
tt11564214,96%
tt11573420,96%
tt11578464,96%
tt11579538,96%
tt11579696,96%
tt11580854,96%
tt11580944,96%
tt11581174,96%
tt11580914,96%
tt1160419,83%
tt11604126,83%
tt11603828,83%
tt11605814,83%
tt11612202,83%
tt11616728,83%
tt11621700,83%
tt11636880,83%
tt11640022,83%
tt11640108,83%
tt11640072,83%
tt11647568,83%
tt11650226,83%
tt11648514,83%
tt11656220,83%
tt11658120,83%
tt11657662,83%
tt11679270,83%
tt11693542,83%
tt11701916,83%
tt11718902,83%
tt11734264,83%
tt11754362,83%
tt11758792,83%
tt11762434,83%
tt11771642,83%
tt11773378,83%
tt11778144,83%
tt11778102,83%
tt11778036,83%
tt11788956,83%
tt11799676,83%
tt11799110,83%
tt11803736,83%
tt11809034,83%
tt11821566,83%
tt11826464,83%
tt11834890,83%
tt11853484,83%
tt11866328,83%
tt11882032,83%
tt11892034,83%
tt11890322,83%
tt11892182,83%
tt11893652,81%
tt11905536,33%
tt11914358,33%
tt11921924,33%
tt11924110,88%
tt11924002,88%
tt11923304,88%
tt11928952,88%
tt10090058,88%
tt1016150,90%
tt10198564,33%
tt10257354,33%
tt10298840,72%
tt10298810,74%
tt10323676,44%
tt10328046,44%
tt10332372,44%
tt10340562,44%
tt10415494,44%
tt10428326,44%
tt10449310,44%
tt10493472,44%
tt10518176,44%
tt10598156,38%
tt10648342,63%
tt10671182,63%
tt10687220,63%
tt10701074,87%
tt10698680,47%
tt10699086,47%
tt10737918,47%
tt10740944,47%
tt10743778,47%
tt10758472,47%
tt10788058,25%
tt10806040,25%
tt10809394,25%
tt10921118,91%
tt10920696,91%
tt10935956,91%
tt10941728,91%
tt10981012,91%
tt10988942,91%
tt10994712,91%
tt11005524,91%
tt11023732,91%
tt11116912,90%
tt11138512,90%
tt11151916,80%
tt11209612,80%
tt11214570,80%
tt11237650,80%
tt11291274,80%
tt11301946,69%
tt11316996,69%
tt11379988,69%
tt11375842,84%
tt11382194,84%
tt11396310,00%
tt11409820,00%
tt11433000,00%
tt11443294,93%
tt11465786,93%
tt11466222,93%
tt11468258,93%
tt11506802,93%
tt11530982,93%
tt11563070,93%
tt11579056,93%
tt11602272,93%
tt11618112,93%
tt11633442,93%
tt11671006,93%
tt11696276,93%
tt11696342,20%
tt11725162,20%
tt11731072,20%
tt11780784,20%
tt11783766,20%
tt11827628,20%
tt11866324,94%
tt11873440,94%
tt11878964,94%
tt11899856,94%
tt11947158,94%
tt11951332,57%
tt11990924,98%
tt12003946,73%
tt12015102,73%
tt12035738,73%
tt12060242,73%
tt12082426,73%
tt12093572,73%
tt12105324,73%
tt12223738,94%
tt12230756,94%
tt12262116,94%
tt12330400,94%
tt12343138,94%
tt12346586,94%
tt12372176,82%
tt12374388,70%
tt12412888,69%
tt12415670,69%
tt12422308,69%
tt12459328,69%
tt12468036,69%
tt12472554,69%
tt12552646,69%
tt12593682,54%
tt12598462,54%
tt12606368,54%
tt12610794,26%
tt12623450,26%
tt12676990,26%
tt12689248,18%
tt12706988,18%
tt12724072,18%
tt12744066,18%
tt12768018,18%
tt12787014,18%
tt12792472,22%
tt12811368,22%
tt12815434,22%
tt12818328,22%
tt12840630,22%
tt12838910,22%
tt12844586,22%
tt12857646,22%
tt12857358,22%
tt12857198,98%
tt12892766,98%
tt12935690,98%
tt12951176,98%
tt12961818,98%
tt12968322,98%
tt12991676,71%
tt12989312,71%
tt13050412,88%
tt13057516,88%
tt13056238,88%
tt13055982,88%
tt13074304,88%
tt13075730,53%
tt13082672,53%
tt13087500,53%
tt13097308,53%
tt13098860,53%
tt13130308,53%
tt13130760,50%
tt13131350,78%
tt13152186,78%
tt13153938,78%
tt13173132,78%
tt13245502,78%
tt13280154,78%
tt13299052,78%
tt13305802,50%
tt13317320,48%
tt13314558,56%
tt13320622,56%
tt13375072,56%
tt13375586,56%
tt13393058,56%
tt13399120,70%
tt13406136,70%
tt13413498,70%
tt13414318,70%
tt13429928,33%
tt13440264,33%
tt13456320,33%
tt13468976,33%
tt13479592,33%
tt13484872,33%
tt13496538,33%
tt13523434,28%
tt13535230,28%
tt13539646,82%
tt13556426,82%
tt13570066,82%
tt13586548,82%
tt13598080,82%
tt13611770,71%
tt13640942,62%
tt13655328,31%
tt13681680,31%
tt13702754,31%
tt13713200,31%
tt13736292,31%
tt13740078,31%
tt13751370,83%
tt13761148,83%
tt13760064,83%
tt13790914,83%
tt13797216,83%
tt13813112,83%
tt13818610,83%
tt13822738,83%
tt13829204,83%
tt13871510,83%
tt13872244,83%
tt13884670,83%
tt13918222,83%
tt13918550,83%
tt13919802,83%
tt13926132,83%
tt13931900,83%
tt13946626,83%
tt13958794,83%
tt13992328,83%
tt13996348,83%
tt14001894,45%
tt14002046,45%
tt14017492,45%
tt14029878,45%
tt14039086,45%
tt14056466,45%
tt14060094,45%
tt14065488,45%
tt14083308,45%
tt14084838,98%
tt14099796,98%
tt14115490,98%
tt14134448,13%
tt0439572,63%
tt10151854,49%
tt10366206,49%
tt10364034,50%
tt10471692,50%
tt10545296,64%
tt10676048,62%
tt10954600,46%
tt10955900,46%
tt11230362,46%
tt11274492,21%
tt11601444,21%
tt11705740,21%
tt11872772,21%
tt11972054,21%
tt11998558,68%
tt12261776,36%
tt12263384,36%
tt12283024,83%
tt12422694,83%
tt12672620,83%
tt12672536,98%
tt12902374,98%
tt12915716, 7%
tt7985704, 7%
tt13130948, 7%
tt13131232,25%
tt13131610,25%
tt13186618,25%
tt13614388,56%
tt13640794,56%
tt13681698,56%
tt13751694,56%
tt5433140,56%
tt13808564,56%
tt13904644,56%
tt14232442,56%
tt14379088,56%
tt14384196,86%
tt14388612,86%
tt1462764,70%
tt14681272,70%
tt14709996,70%
tt14743384,70%
tt15056712,70%
tt15077488,70%
tt15145972,70%
tt15179658,70%
tt15299406,70%
tt15303192,70%
tt15430628,61%
tt15477560,61%
tt15614148,61%
tt15673502,61%
tt2906216,91%
tt3326138,00%
tt3566610,00%
tt4303846,00%
tt5090568,52%
tt5776252,52%
tt6495056,72%
tt16793230,72%
tt9663764,72%
tt7984562,72%
tt6968614,43%
tt16429084,43%
tt15716002,43%
tt7720142,13%
tt15811964,13%
tt8593824,13%
tt9362930,78%
tt15895490,78%
tt16308356,78%
tt7995640,78%
tt9788538,78%
tt16418362,78%
tt15837338,71%
tt15769364,71%
tt6791350,82%
tt8035464,82%
tt16310240,67%
tt15731658,67%
tt9390520,37%
tt7184154,37%
tt15769220,37%
tt8589698,95%
tt16349772,95%
tt9362722,95%
tt16058988,95%
tt9603212,95%
tt6879446,95%
tt16361586,95%
tt16428782,95%
tt9910302,38%
tt16960394,38%
tt17322408,38%
tt17338918,38%
tt17497862,80%
tt17499172,91%
tt17499656,91%
tt17509628,91%
tt18271544,91%
tt18285490,91%
tt18296850,91%
tt18302086,91%
tt18310956,93%
tt18395292,93%
tt18411792,93%
tt18411490,55%
tt18667352,55%
tt18777074,55%
tt18797620,55%
tt18925102,55%
tt18926960,56%
tt18925050,56%
tt18912278,56%
tt18953060,56%
tt18969190,56%
tt18969216,50%
tt18990260,50%
tt18990216,50%
tt19113854,50%
tt19077558, 6%
tt19358602, 6%
tt19358722, 6%
tt19358704, 6%
tt19358674, 6%
tt19358822, 6%
tt19358808, 6%
tt19365520, 6%
tt19365502, 6%
tt19365572, 6%
tt19365508, 6%
tt19372642, 6%
tt19372590,88%
tt19372640,88%
tt19372704,88%
tt19372676,60%
tt19372716,11%
tt19383410,11%
tt19389862,11%
tt19394258,11%
tt19500164,92%
tt19539550,92%
tt19753612,92%
tt19755170,92%
tt19759382,40%
tt19812128,40%
tt19816152,88%
tt19883074,88%
tt19884572,88%
tt19372648,88%
tt20237154,88%
tt20319598,88%
tt20355484,88%
tt20425440,88%
tt20518312,88%
tt20722940,88%
tt20754096,88%
tt20852264,88%
tt21041232,88%
tt21141958,88%
tt21294600,00%
tt21435580,00%
